personnel_id,age,service_years,rank_level,transfer_frequency,training_hours
P0001,27,4,Senior,2,11.1
P0002,44,3,Junior,2,14.0
P0003,48,21,Intermediate,1,10.1
P0004,30,3,Junior,3,8.3
P0005,29,7,Junior,2,13.1
P0006,32,8,Junior,1,5.6
P0007,28,4,Junior,1,10.9
P0008,36,15,Junior,0,13.5
P0009,45,8,Intermediate,2,10.4
P0010,33,9,Junior,0,11.7
P0011,45,7,Junior,1,13.7
P0012,47,5,Senior,3,12.7
P0013,21,1,Junior,0,14.7
P0014,28,6,Senior,1,6.4
P0015,34,3,Intermediate,2,0.0
P0016,30,3,Junior,1,13.3
P0017,24,2,Junior,1,16.5
P0018,48,2,Intermediate,0,13.3
P0019,41,6,Intermediate,0,13.9
P0020,46,23,Senior,0,9.2
P0021,21,1,Junior,1,4.6
P0022,26,3,Junior,0,5.9
P0023,39,10,Junior,1,17.5
P0024,37,14,Senior,1,10.7
P0025,22,1,Intermediate,0,9.7
P0026,43,5,Junior,2,11.4
P0027,46,6,Junior,2,6.8
P0028,40,2,Intermediate,1,15.5
P0029,21,1,Junior,1,8.3
P0030,24,3,Intermediate,1,13.4
P0031,27,4,Senior,1,11.9
P0032,45,18,Senior,1,13.7
P0033,48,16,Intermediate,1,8.7
P0034,32,5,Senior,1,9.2
P0035,23,1,Intermediate,4,11.2
P0036,49,18,Junior,2,7.1
P0037,29,4,Intermediate,0,14.6
P0038,28,7,Intermediate,0,6.7
P0039,36,12,Intermediate,1,11.3
P0040,39,8,Intermediate,2,10.2
P0041,21,1,Junior,1,10.2
P0042,37,12,Senior,2,9.5
P0043,29,5,Senior,3,6.6
P0044,43,1,Junior,0,3.9
P0045,45,10,Senior,2,10.2
P0046,22,1,Junior,1,5.4
P0047,42,16,Intermediate,0,3.8
P0048,44,13,Junior,0,8.0
P0049,24,1,Junior,0,7.8
P0050,39,15,Junior,0,9.5
P0051,43,22,Junior,0,8.3
P0052,30,6,Junior,1,12.4
P0053,28,5,Junior,3,16.7
P0054,28,4,Junior,2,7.0
P0055,44,19,Junior,0,12.0
P0056,41,1,Junior,0,13.5
P0057,22,1,Junior,0,11.1
P0058,25,2,Intermediate,0,19.0
P0059,46,16,Junior,0,7.3
P0060,35,1,Junior,1,8.9
P0061,36,10,Intermediate,1,18.5
P0062,46,10,Senior,1,8.0
P0063,30,3,Intermediate,2,10.8
P0064,37,12,Intermediate,2,7.6
P0065,48,1,Intermediate,2,11.1
P0066,37,10,Junior,1,7.5
P0067,22,1,Junior,1,12.1
P0068,44,4,Junior,2,9.3
P0069,44,3,Senior,1,7.3
P0070,50,5,Junior,2,14.6
P0071,50,17,Intermediate,1,7.6
P0072,24,1,Senior,0,8.8
P0073,27,4,Senior,2,2.8
P0074,45,20,Intermediate,3,8.2
P0075,30,7,Senior,0,11.3
P0076,31,2,Senior,4,16.7
P0077,28,2,Junior,1,3.7
P0078,28,5,Junior,4,10.3
P0079,39,12,Intermediate,2,8.8
P0080,48,26,Intermediate,3,10.0
P0081,48,25,Junior,0,8.6
P0082,26,2,Junior,1,11.8
P0083,41,16,Intermediate,1,11.9
P0084,38,15,Intermediate,1,10.2
P0085,41,3,Senior,0,9.6
P0086,48,21,Junior,0,13.9
P0087,46,8,Junior,1,11.4
P0088,21,1,Junior,1,17.5
P0089,33,3,Intermediate,3,14.7
P0090,35,1,Junior,1,8.1
P0091,47,17,Intermediate,1,9.6
P0092,26,4,Intermediate,5,9.8
P0093,37,5,Intermediate,0,10.5
P0094,50,1,Intermediate,1,12.1
P0095,28,7,Intermediate,2,10.7
P0096,25,2,Senior,1,14.6
P0097,35,7,Intermediate,2,14.2
P0098,50,15,Junior,1,3.0
P0099,26,1,Intermediate,1,3.2
P0100,44,5,Senior,1,9.8
P0101,31,3,Intermediate,1,16.4
P0102,24,1,Senior,1,6.7
P0103,38,5,Junior,0,10.2
P0104,25,1,Junior,1,8.0
P0105,46,13,Junior,0,17.9
P0106,44,11,Senior,0,9.2
P0107,46,4,Intermediate,1,7.8
P0108,42,14,Intermediate,1,5.1
P0109,33,10,Junior,0,12.3
P0110,34,11,Intermediate,0,11.2
P0111,46,6,Intermediate,0,7.0
P0112,30,7,Junior,0,4.3
P0113,46,12,Junior,0,1.3
P0114,29,5,Intermediate,2,8.4
P0115,28,1,Intermediate,1,10.9
P0116,47,24,Intermediate,0,13.4
P0117,45,1,Junior,0,9.2
P0118,50,11,Junior,1,0.9
P0119,29,7,Junior,0,10.7
P0120,31,4,Junior,2,13.6
P0121,50,25,Intermediate,1,8.3
P0122,46,22,Intermediate,0,12.0
P0123,40,17,Intermediate,2,13.1
P0124,33,11,Intermediate,1,10.0
P0125,25,3,Intermediate,0,7.7
P0126,25,1,Intermediate,1,11.0
P0127,43,3,Junior,3,10.7
P0128,32,3,Junior,2,10.4
P0129,28,3,Intermediate,0,8.7
P0130,25,3,Intermediate,1,8.7
P0131,33,10,Junior,1,7.3
P0132,26,1,Intermediate,1,1.1
P0133,21,1,Junior,1,11.0
P0134,26,3,Intermediate,0,3.9
P0135,40,15,Senior,1,13.3
P0136,47,23,Junior,0,14.0
P0137,22,1,Intermediate,1,15.1
P0138,25,1,Junior,2,8.2
P0139,39,4,Intermediate,0,5.8
P0140,30,8,Intermediate,1,7.9
P0141,34,11,Junior,1,9.2
P0142,48,11,Senior,2,10.2
P0143,28,7,Junior,1,16.4
P0144,28,1,Senior,1,8.0
P0145,41,14,Junior,1,5.8
P0146,35,5,Junior,1,7.1
P0147,45,21,Intermediate,0,14.2
P0148,26,2,Intermediate,2,9.0
P0149,47,12,Senior,0,5.2
P0150,41,1,Junior,1,11.1
P0151,48,18,Intermediate,0,6.8
P0152,49,8,Intermediate,1,9.3
P0153,43,19,Junior,1,20.3
P0154,38,1,Intermediate,1,5.6
P0155,48,17,Junior,1,11.2
P0156,27,3,Junior,0,9.0
P0157,34,2,Junior,0,11.9
P0158,49,8,Junior,0,6.9
P0159,44,23,Intermediate,0,10.4
P0160,23,1,Intermediate,0,9.5
P0161,22,1,Intermediate,5,3.2
P0162,38,7,Intermediate,2,6.4
P0163,39,4,Intermediate,3,8.2
P0164,43,12,Intermediate,0,14.4
P0165,50,9,Junior,0,13.9
P0166,37,2,Junior,0,9.9
P0167,28,2,Intermediate,0,10.7
P0168,24,2,Intermediate,0,9.3
P0169,43,5,Junior,1,3.5
P0170,37,5,Intermediate,1,12.2
P0171,30,6,Junior,3,6.0
P0172,33,1,Junior,1,12.0
P0173,22,1,Junior,1,4.3
P0174,41,11,Junior,0,12.3
P0175,37,11,Junior,1,12.0
P0176,25,4,Junior,0,10.7
P0177,40,19,Intermediate,0,20.2
P0178,22,1,Intermediate,1,9.6
P0179,28,1,Junior,2,13.9
P0180,37,13,Intermediate,1,7.6
P0181,32,8,Intermediate,2,10.2
P0182,38,12,Junior,2,10.0
P0183,30,7,Senior,1,7.1
P0184,27,1,Junior,0,8.6
P0185,47,23,Intermediate,1,15.4
P0186,27,1,Intermediate,0,0.0
P0187,32,2,Senior,1,15.8
P0188,44,17,Intermediate,2,2.4
P0189,33,10,Senior,1,8.2
P0190,23,1,Senior,0,5.3
P0191,50,17,Junior,1,8.2
P0192,27,4,Intermediate,0,15.8
P0193,23,1,Junior,0,6.0
P0194,45,16,Junior,2,6.9
P0195,44,4,Junior,2,13.9
P0196,34,8,Intermediate,1,9.1
P0197,40,4,Junior,3,7.4
P0198,46,9,Junior,1,7.9
P0199,25,2,Senior,3,15.7
P0200,50,17,Junior,1,7.7
P0201,44,15,Junior,2,4.0
P0202,49,9,Junior,1,7.1
P0203,35,8,Senior,1,9.1
P0204,38,6,Senior,0,10.4
P0205,48,5,Senior,0,10.2
P0206,39,3,Junior,2,14.1
P0207,26,3,Senior,0,8.9
P0208,33,11,Junior,1,8.9
P0209,47,6,Junior,3,10.9
P0210,38,4,Intermediate,1,9.4
P0211,22,1,Junior,3,12.6
P0212,23,2,Junior,3,18.7
P0213,48,15,Senior,0,10.7
P0214,38,4,Junior,1,11.6
P0215,30,6,Junior,1,11.5
P0216,27,5,Junior,0,7.9
P0217,35,3,Junior,0,9.5
P0218,24,1,Junior,3,5.1
P0219,22,1,Intermediate,0,11.7
P0220,25,3,Senior,1,11.0
P0221,47,1,Junior,2,11.6
P0222,38,15,Intermediate,1,12.8
P0223,45,17,Junior,0,16.5
P0224,27,3,Intermediate,0,0.1
P0225,44,3,Junior,1,16.6
P0226,40,4,Intermediate,0,16.0
P0227,48,22,Intermediate,0,7.5
P0228,33,1,Junior,0,14.0
P0229,38,14,Senior,2,13.8
P0230,29,1,Junior,1,13.4
P0231,42,20,Junior,2,14.1
P0232,50,1,Intermediate,0,10.4
P0233,27,2,Senior,0,13.7
P0234,30,7,Intermediate,1,12.2
P0235,47,6,Intermediate,2,15.1
P0236,35,11,Intermediate,1,12.2
P0237,26,2,Intermediate,1,9.1
P0238,38,12,Junior,0,5.1
P0239,33,3,Junior,1,12.1
P0240,43,19,Junior,0,7.7
P0241,39,5,Senior,2,8.0
P0242,35,1,Intermediate,0,10.8
P0243,41,20,Intermediate,2,13.8
P0244,29,4,Junior,1,21.8
P0245,35,2,Intermediate,2,4.9
P0246,38,8,Intermediate,0,3.8
P0247,46,8,Junior,2,0.0
P0248,26,5,Junior,0,11.5
P0249,49,15,Intermediate,2,4.7
P0250,48,2,Senior,0,14.3
P0251,21,1,Intermediate,0,9.8
P0252,31,10,Junior,0,11.9
P0253,30,9,Junior,0,16.0
P0254,42,20,Junior,1,13.4
P0255,32,5,Intermediate,1,10.7
P0256,47,20,Junior,0,14.4
P0257,25,4,Junior,1,10.8
P0258,32,10,Junior,1,6.4
P0259,50,2,Junior,2,1.5
P0260,26,4,Junior,0,11.2
P0261,40,16,Senior,1,12.4
P0262,49,6,Senior,0,6.8
P0263,22,1,Intermediate,1,10.7
P0264,37,12,Junior,4,10.7
P0265,36,5,Intermediate,0,11.4
P0266,29,1,Junior,3,5.6
P0267,24,2,Junior,0,14.2
P0268,38,13,Intermediate,1,12.3
P0269,44,22,Intermediate,0,15.4
P0270,35,5,Junior,1,16.3
P0271,37,3,Junior,0,16.6
P0272,30,2,Intermediate,1,14.0
P0273,36,2,Intermediate,0,5.4
P0274,22,1,Intermediate,0,3.9
P0275,24,3,Junior,2,15.3
P0276,31,7,Senior,0,10.3
P0277,35,9,Intermediate,1,4.4
P0278,34,13,Intermediate,1,9.6
P0279,49,15,Intermediate,1,7.1
P0280,33,4,Intermediate,1,16.2
P0281,32,10,Intermediate,0,13.8
P0282,49,10,Senior,1,7.4
P0283,42,1,Junior,1,20.2
P0284,46,9,Intermediate,0,11.7
P0285,45,10,Senior,0,13.0
P0286,38,4,Junior,1,7.2
P0287,24,2,Intermediate,1,12.5
P0288,43,21,Junior,0,11.7
P0289,35,3,Intermediate,1,15.8
P0290,50,25,Senior,0,3.3
P0291,41,18,Junior,1,12.3
P0292,27,5,Junior,0,16.5
P0293,21,1,Intermediate,1,14.6
P0294,33,1,Intermediate,1,3.8
P0295,41,8,Senior,1,5.3
P0296,26,2,Senior,2,5.1
P0297,50,20,Junior,2,6.0
P0298,36,10,Junior,1,12.5
P0299,37,16,Intermediate,2,5.6
P0300,25,4,Senior,2,8.7
P0301,26,2,Intermediate,2,8.8
P0302,33,2,Junior,0,8.4
P0303,45,9,Intermediate,1,11.8
P0304,35,6,Intermediate,1,7.9
P0305,37,10,Intermediate,2,7.2
P0306,27,4,Intermediate,0,11.7
P0307,23,2,Junior,0,10.3
P0308,30,9,Intermediate,1,12.2
P0309,34,1,Intermediate,1,0.0
P0310,45,13,Junior,0,10.3
P0311,22,1,Intermediate,0,11.0
P0312,34,4,Junior,0,6.1
P0313,26,5,Junior,1,14.6
P0314,22,1,Intermediate,0,1.9
P0315,31,2,Junior,2,7.5
P0316,36,12,Intermediate,1,8.8
P0317,25,3,Junior,0,13.8
P0318,38,5,Senior,1,11.7
P0319,27,3,Junior,3,7.7
P0320,42,6,Junior,1,0.0
P0321,27,5,Junior,0,6.0
P0322,48,11,Intermediate,1,9.9
P0323,46,4,Senior,0,14.4
P0324,49,20,Senior,2,12.1
P0325,37,8,Junior,1,12.7
P0326,46,8,Intermediate,3,8.0
P0327,35,1,Junior,1,10.4
P0328,25,4,Junior,0,16.9
P0329,31,1,Junior,0,6.8
P0330,34,4,Junior,2,15.2
P0331,31,10,Junior,2,12.4
P0332,22,1,Intermediate,0,15.2
P0333,24,2,Junior,0,9.9
P0334,38,10,Intermediate,0,12.3
P0335,28,2,Intermediate,2,6.6
P0336,35,1,Senior,0,11.4
P0337,45,8,Junior,1,9.1
P0338,34,1,Intermediate,0,8.9
P0339,50,23,Senior,0,18.5
P0340,50,21,Senior,2,12.8
P0341,31,6,Intermediate,0,16.9
P0342,22,1,Junior,2,11.2
P0343,39,12,Intermediate,1,2.4
P0344,39,7,Intermediate,2,10.3
P0345,46,16,Intermediate,2,11.0
P0346,22,1,Junior,2,9.2
P0347,47,2,Junior,2,6.9
P0348,22,1,Intermediate,3,12.6
P0349,39,5,Junior,1,7.3
P0350,46,5,Intermediate,0,12.7
P0351,27,5,Junior,0,8.3
P0352,37,7,Senior,2,5.3
P0353,46,23,Intermediate,0,20.0
P0354,39,17,Intermediate,0,8.6
P0355,44,13,Intermediate,1,10.3
P0356,33,4,Junior,1,15.2
P0357,40,17,Intermediate,4,14.9
P0358,47,15,Junior,1,12.3
P0359,29,2,Intermediate,0,4.4
P0360,33,11,Junior,1,5.3
P0361,37,11,Junior,1,14.1
P0362,49,5,Intermediate,2,9.2
P0363,46,4,Junior,3,8.9
P0364,40,4,Junior,0,6.0
P0365,30,6,Junior,0,9.1
P0366,36,6,Junior,1,11.5
P0367,29,5,Senior,0,14.2
P0368,41,4,Junior,1,18.1
P0369,35,2,Intermediate,1,9.0
P0370,46,12,Intermediate,1,13.7
P0371,41,18,Junior,1,4.9
P0372,41,12,Junior,0,5.7
P0373,38,4,Junior,0,11.9
P0374,44,2,Junior,2,17.7
P0375,22,1,Junior,1,11.7
P0376,22,1,Senior,1,13.6
P0377,32,8,Intermediate,0,10.3
P0378,39,17,Junior,0,9.9
P0379,40,4,Intermediate,1,8.6
P0380,29,8,Senior,1,12.0
P0381,45,24,Intermediate,2,11.2
P0382,45,18,Junior,1,7.0
P0383,32,10,Junior,0,6.8
P0384,28,7,Intermediate,0,13.7
P0385,34,8,Intermediate,1,11.5
P0386,33,3,Senior,0,5.5
P0387,26,1,Intermediate,0,15.4
P0388,36,11,Junior,3,6.8
P0389,31,7,Senior,2,5.8
P0390,26,2,Junior,0,11.7
P0391,47,5,Intermediate,2,10.8
P0392,49,28,Senior,2,8.6
P0393,32,9,Intermediate,2,15.2
P0394,48,26,Junior,0,9.9
P0395,46,1,Junior,0,7.3
P0396,46,11,Intermediate,1,1.9
P0397,25,4,Intermediate,2,5.3
P0398,28,4,Intermediate,0,14.8
P0399,40,1,Intermediate,0,15.5
P0400,45,15,Junior,0,14.1
P0401,23,1,Junior,4,5.2
P0402,21,1,Senior,0,13.3
P0403,47,2,Junior,2,11.0
P0404,34,11,Junior,0,9.7
P0405,44,14,Senior,0,8.3
P0406,39,3,Intermediate,1,13.0
P0407,27,6,Intermediate,0,7.9
P0408,35,4,Junior,2,13.2
P0409,50,9,Junior,1,3.6
P0410,47,14,Intermediate,0,13.1
P0411,24,2,Intermediate,2,9.6
P0412,37,16,Junior,3,9.3
P0413,25,4,Intermediate,1,13.9
P0414,44,1,Junior,1,12.0
P0415,42,12,Intermediate,0,6.1
P0416,42,8,Senior,1,8.1
P0417,39,4,Intermediate,0,12.9
P0418,23,2,Junior,0,7.3
P0419,47,23,Senior,0,13.6
P0420,38,17,Junior,2,9.1
P0421,30,1,Intermediate,1,0.0
P0422,40,17,Intermediate,0,4.2
P0423,34,1,Junior,0,8.8
P0424,41,17,Junior,1,7.0
P0425,29,1,Intermediate,0,10.5
P0426,47,7,Intermediate,0,15.3
P0427,31,3,Intermediate,1,15.9
P0428,28,5,Intermediate,1,7.2
P0429,33,10,Senior,1,8.1
P0430,33,7,Junior,1,10.6
P0431,24,2,Intermediate,1,14.5
P0432,37,1,Junior,0,18.8
P0433,29,7,Junior,3,5.4
P0434,29,1,Junior,0,10.0
P0435,26,3,Intermediate,3,11.3
P0436,31,1,Junior,1,17.6
P0437,50,17,Junior,2,14.2
P0438,24,3,Junior,2,8.7
P0439,32,2,Junior,1,8.6
P0440,31,10,Junior,0,10.9
P0441,48,1,Intermediate,1,8.4
P0442,21,1,Junior,0,10.5
P0443,49,10,Intermediate,1,9.4
P0444,37,1,Intermediate,1,7.1
P0445,40,12,Intermediate,0,5.5
P0446,46,14,Junior,1,10.4
P0447,38,6,Intermediate,1,9.6
P0448,43,6,Intermediate,2,10.9
P0449,35,14,Junior,1,5.2
P0450,37,13,Intermediate,2,10.6
P0451,30,2,Junior,0,9.3
P0452,32,5,Senior,1,8.1
P0453,48,24,Senior,0,7.9
P0454,49,17,Intermediate,0,12.3
P0455,42,19,Junior,1,20.6
P0456,39,2,Intermediate,2,4.0
P0457,31,7,Junior,1,9.5
P0458,36,12,Intermediate,2,5.3
P0459,26,3,Junior,1,1.5
P0460,38,17,Senior,2,22.6
P0461,35,4,Intermediate,2,5.9
P0462,26,3,Junior,1,6.8
P0463,43,16,Intermediate,1,10.3
P0464,50,21,Junior,1,14.3
P0465,44,15,Senior,0,14.8
P0466,35,5,Junior,5,4.2
P0467,43,9,Intermediate,0,11.9
P0468,34,12,Intermediate,1,2.6
P0469,39,6,Junior,0,15.8
P0470,36,6,Junior,0,10.0
P0471,33,8,Junior,0,13.5
P0472,34,8,Junior,1,7.5
P0473,41,7,Junior,3,6.6
P0474,37,7,Intermediate,1,11.3
P0475,28,6,Junior,1,13.4
P0476,44,15,Intermediate,1,12.2
P0477,43,8,Junior,1,11.3
P0478,31,9,Intermediate,0,6.2
P0479,37,10,Intermediate,3,1.7
P0480,32,9,Junior,2,8.3
P0481,29,3,Senior,3,12.4
P0482,39,5,Junior,0,9.3
P0483,49,1,Senior,2,12.2
P0484,25,1,Junior,0,8.6
P0485,24,3,Senior,0,19.0
P0486,25,2,Junior,1,8.4
P0487,29,3,Intermediate,0,4.4
P0488,48,7,Intermediate,1,4.3
P0489,22,1,Junior,1,8.9
P0490,33,7,Intermediate,0,11.5
P0491,44,8,Intermediate,1,5.2
P0492,28,6,Junior,1,16.6
P0493,23,1,Junior,0,3.0
P0494,41,10,Junior,1,10.5
P0495,42,17,Junior,1,13.1
P0496,42,20,Junior,2,0.4
P0497,26,1,Junior,2,9.0
P0498,26,5,Junior,1,10.8
P0499,45,12,Junior,0,10.7
P0500,35,3,Junior,3,10.2
P0501,42,4,Senior,3,10.7
P0502,24,2,Senior,0,8.2
P0503,44,20,Intermediate,1,5.0
P0504,32,7,Junior,2,7.5
P0505,31,5,Intermediate,1,14.5
P0506,35,4,Junior,2,12.1
P0507,34,2,Intermediate,2,9.6
P0508,26,3,Intermediate,0,7.8
P0509,46,21,Senior,3,9.3
P0510,23,2,Senior,2,4.7
P0511,37,16,Senior,1,7.0
P0512,24,3,Intermediate,2,11.2
P0513,32,11,Intermediate,1,6.7
P0514,37,11,Junior,2,15.3
P0515,30,8,Intermediate,0,9.0
P0516,37,11,Senior,3,3.8
P0517,24,1,Junior,2,8.0
P0518,43,8,Intermediate,0,11.9
P0519,47,25,Junior,1,24.0
P0520,27,1,Intermediate,0,4.1
P0521,50,3,Junior,1,15.0
P0522,38,4,Intermediate,3,2.3
P0523,47,11,Intermediate,0,5.7
P0524,24,1,Intermediate,1,12.8
P0525,32,10,Intermediate,0,13.5
P0526,46,8,Junior,3,9.4
P0527,33,8,Junior,0,8.5
P0528,45,4,Junior,2,11.8
P0529,47,8,Junior,2,10.3
P0530,37,7,Junior,0,15.2
P0531,33,5,Junior,1,7.4
P0532,26,5,Intermediate,0,10.5
P0533,27,6,Junior,2,7.6
P0534,39,4,Intermediate,1,6.1
P0535,38,5,Intermediate,1,13.1
P0536,42,4,Senior,1,9.0
P0537,41,8,Intermediate,0,17.2
P0538,47,2,Intermediate,2,11.5
P0539,45,17,Intermediate,0,13.9
P0540,26,1,Intermediate,1,13.2
P0541,29,7,Intermediate,2,10.9
P0542,27,5,Senior,0,12.0
P0543,47,9,Junior,0,11.8
P0544,32,7,Intermediate,0,13.1
P0545,46,15,Intermediate,1,11.0
P0546,21,1,Senior,1,8.7
P0547,47,19,Intermediate,1,2.9
P0548,36,6,Junior,3,7.4
P0549,31,10,Intermediate,2,10.0
P0550,28,7,Junior,4,15.4
P0551,28,4,Junior,0,5.1
P0552,32,1,Senior,2,8.3
P0553,44,1,Junior,1,8.3
P0554,35,7,Senior,2,9.3
P0555,34,7,Junior,1,6.1
P0556,30,9,Senior,0,6.2
P0557,49,10,Junior,1,16.1
P0558,46,20,Junior,0,7.5
P0559,32,7,Junior,0,3.0
P0560,48,24,Intermediate,2,9.5
P0561,49,15,Senior,0,10.8
P0562,40,3,Intermediate,0,6.7
P0563,22,1,Intermediate,1,17.8
P0564,26,1,Intermediate,0,7.8
P0565,22,1,Senior,1,12.2
P0566,47,24,Intermediate,2,11.4
P0567,37,13,Intermediate,0,12.3
P0568,24,1,Intermediate,0,9.8
P0569,26,1,Intermediate,1,11.4
P0570,24,1,Intermediate,2,11.2
P0571,31,9,Intermediate,1,14.2
P0572,35,4,Junior,0,12.0
P0573,45,14,Junior,0,9.7
P0574,23,2,Intermediate,1,7.1
P0575,36,7,Intermediate,3,11.9
P0576,21,1,Junior,1,5.0
P0577,34,10,Junior,0,7.6
P0578,48,1,Senior,2,14.3
P0579,49,26,Junior,1,18.0
P0580,25,3,Junior,1,6.9
P0581,31,10,Junior,0,7.2
P0582,42,4,Junior,0,10.0
P0583,23,2,Junior,2,16.0
P0584,48,21,Intermediate,2,10.3
P0585,24,1,Junior,2,13.4
P0586,46,20,Senior,1,6.5
P0587,43,5,Junior,0,12.8
P0588,21,1,Junior,1,10.0
P0589,33,3,Junior,2,8.0
P0590,50,25,Junior,0,1.7
P0591,35,5,Junior,1,0.0
P0592,43,8,Senior,2,8.3
P0593,42,1,Junior,1,14.5
P0594,22,1,Intermediate,1,17.3
P0595,43,15,Junior,0,14.1
P0596,35,1,Junior,2,18.4
P0597,21,1,Junior,0,18.9
P0598,49,16,Senior,1,15.5
P0599,49,7,Junior,1,13.4
P0600,27,2,Intermediate,1,9.1
P0601,37,11,Junior,1,15.9
P0602,48,16,Junior,2,14.0
P0603,45,22,Intermediate,1,9.0
P0604,39,2,Junior,1,15.7
P0605,34,9,Intermediate,1,13.4
P0606,24,3,Junior,1,1.0
P0607,22,1,Intermediate,1,7.0
P0608,34,8,Junior,1,9.6
P0609,40,11,Intermediate,1,12.6
P0610,37,9,Junior,2,5.4
P0611,45,4,Intermediate,2,10.3
P0612,37,3,Intermediate,2,15.6
P0613,29,7,Senior,3,13.1
P0614,25,1,Intermediate,0,11.2
P0615,30,6,Junior,1,14.1
P0616,50,12,Intermediate,2,11.1
P0617,38,12,Junior,2,16.5
P0618,23,2,Intermediate,0,19.7
P0619,50,13,Intermediate,1,14.2
P0620,30,7,Intermediate,3,12.0
P0621,46,5,Intermediate,0,9.2
P0622,42,6,Junior,4,4.1
P0623,45,24,Junior,2,7.3
P0624,28,3,Intermediate,6,11.1
P0625,23,1,Intermediate,1,10.7
P0626,31,5,Intermediate,1,9.7
P0627,36,5,Junior,0,12.5
P0628,24,3,Intermediate,1,15.3
P0629,36,5,Senior,1,17.1
P0630,31,9,Junior,3,8.0
P0631,25,3,Junior,4,7.6
P0632,31,2,Junior,1,10.5
P0633,31,5,Intermediate,0,10.7
P0634,42,10,Intermediate,2,10.2
P0635,28,4,Junior,1,9.3
P0636,28,6,Intermediate,4,4.9
P0637,37,6,Intermediate,0,8.3
P0638,31,6,Intermediate,0,11.0
P0639,46,17,Intermediate,3,12.5
P0640,44,9,Senior,0,6.8
P0641,30,1,Intermediate,3,7.9
P0642,43,12,Intermediate,2,9.2
P0643,31,2,Junior,0,9.3
P0644,26,2,Junior,1,3.8
P0645,25,2,Junior,0,12.2
P0646,49,24,Junior,0,5.1
P0647,37,4,Intermediate,0,12.4
P0648,38,6,Senior,0,7.8
P0649,43,22,Intermediate,0,15.4
P0650,25,4,Intermediate,1,11.1
P0651,23,2,Junior,1,2.5
P0652,45,23,Junior,1,8.4
P0653,33,9,Intermediate,3,14.9
P0654,37,16,Senior,1,10.5
P0655,38,13,Intermediate,1,8.3
P0656,23,2,Junior,0,14.1
P0657,24,3,Intermediate,0,11.0
P0658,45,14,Intermediate,0,5.0
P0659,27,1,Intermediate,0,10.9
P0660,23,1,Junior,2,9.1
P0661,43,8,Junior,1,15.0
P0662,49,5,Junior,1,6.5
P0663,50,21,Senior,0,11.2
P0664,40,13,Junior,0,11.5
P0665,21,1,Junior,0,13.3
P0666,33,7,Junior,0,9.9
P0667,46,15,Senior,1,7.6
P0668,22,1,Intermediate,1,11.8
P0669,33,2,Junior,1,10.6
P0670,40,15,Senior,1,1.5
P0671,43,20,Junior,5,8.3
P0672,33,9,Intermediate,0,1.8
P0673,50,12,Junior,1,7.9
P0674,37,1,Junior,2,11.4
P0675,26,2,Junior,1,9.0
P0676,39,11,Junior,0,8.1
P0677,22,1,Intermediate,1,16.3
P0678,26,4,Intermediate,3,13.9
P0679,31,4,Senior,0,14.0
P0680,43,14,Intermediate,0,14.2
P0681,34,8,Junior,1,10.1
P0682,32,8,Senior,1,10.9
P0683,47,9,Junior,1,7.4
P0684,22,1,Junior,0,2.0
P0685,42,10,Senior,1,7.8
P0686,23,2,Senior,1,6.5
P0687,29,5,Junior,2,6.8
P0688,36,7,Junior,1,14.0
P0689,23,2,Intermediate,2,5.9
P0690,49,15,Senior,0,9.8
P0691,35,14,Intermediate,1,8.4
P0692,32,7,Intermediate,3,9.5
P0693,23,2,Junior,0,9.5
P0694,33,5,Intermediate,0,10.4
P0695,33,6,Junior,0,16.1
P0696,48,19,Intermediate,1,12.4
P0697,46,13,Intermediate,0,9.7
P0698,35,2,Junior,0,11.8
P0699,32,1,Intermediate,0,4.3
P0700,30,6,Senior,1,12.6
P0701,23,1,Intermediate,0,10.3
P0702,33,1,Intermediate,0,7.5
P0703,33,6,Intermediate,0,10.9
P0704,49,27,Intermediate,0,5.7
P0705,44,3,Junior,1,17.3
P0706,35,5,Junior,0,4.3
P0707,47,18,Senior,2,6.1
P0708,39,11,Junior,2,9.2
P0709,23,2,Senior,0,7.5
P0710,27,3,Senior,1,2.6
P0711,26,2,Intermediate,0,7.2
P0712,28,3,Junior,1,6.2
P0713,46,13,Intermediate,0,6.5
P0714,22,1,Senior,3,5.5
P0715,23,2,Intermediate,1,16.5
P0716,31,7,Intermediate,2,8.0
P0717,24,1,Senior,0,9.8
P0718,29,5,Senior,0,14.9
P0719,44,3,Intermediate,2,7.1
P0720,42,6,Junior,0,7.3
P0721,42,16,Intermediate,1,0.6
P0722,47,9,Junior,0,4.5
P0723,49,15,Junior,2,10.7
P0724,35,9,Intermediate,2,5.8
P0725,29,1,Intermediate,1,8.5
P0726,22,1,Senior,1,8.0
P0727,31,1,Junior,4,13.3
P0728,48,13,Intermediate,0,5.8
P0729,46,15,Junior,1,7.5
P0730,32,11,Intermediate,0,10.3
P0731,44,4,Intermediate,1,2.1
P0732,32,5,Junior,0,7.6
P0733,30,7,Junior,1,5.8
P0734,34,4,Junior,2,3.5
P0735,40,6,Junior,1,11.5
P0736,50,13,Junior,1,8.4
P0737,42,4,Senior,1,8.1
P0738,26,4,Intermediate,3,4.3
P0739,40,11,Junior,1,13.6
P0740,49,19,Senior,1,17.3
P0741,30,2,Intermediate,1,9.5
P0742,31,8,Intermediate,2,10.1
P0743,38,12,Junior,2,12.7
P0744,22,1,Intermediate,1,7.1
P0745,31,8,Junior,1,6.0
P0746,49,10,Intermediate,0,8.6
P0747,33,8,Intermediate,0,14.3
P0748,31,9,Senior,0,11.3
P0749,45,2,Junior,0,10.3
P0750,45,2,Intermediate,2,8.8
P0751,24,2,Junior,2,10.7
P0752,49,7,Intermediate,0,13.8
P0753,34,5,Intermediate,0,9.3
P0754,44,6,Intermediate,0,13.1
P0755,34,13,Senior,2,9.5
P0756,33,11,Junior,1,11.0
P0757,39,14,Junior,0,12.5
P0758,43,14,Junior,0,11.2
P0759,35,12,Senior,1,12.7
P0760,43,8,Junior,0,8.7
P0761,31,1,Junior,0,5.4
P0762,50,23,Intermediate,3,10.7
P0763,45,22,Intermediate,1,8.3
P0764,32,7,Junior,2,0.4
P0765,42,16,Senior,2,6.7
P0766,49,20,Intermediate,0,3.5
P0767,39,1,Intermediate,0,16.9
P0768,33,4,Intermediate,2,12.8
P0769,33,11,Junior,0,8.2
P0770,41,13,Intermediate,0,3.0
P0771,40,8,Senior,0,20.2
P0772,48,9,Junior,0,7.4
P0773,27,3,Intermediate,1,14.4
P0774,26,2,Intermediate,1,11.9
P0775,26,1,Intermediate,3,15.6
P0776,49,4,Junior,2,4.6
P0777,41,5,Junior,0,5.9
P0778,42,4,Junior,1,14.9
P0779,31,6,Intermediate,1,2.7
P0780,45,22,Intermediate,0,13.8
P0781,34,3,Intermediate,2,6.3
P0782,44,19,Junior,2,9.0
P0783,46,6,Intermediate,1,8.8
P0784,30,9,Intermediate,1,8.6
P0785,40,1,Junior,1,6.6
P0786,46,4,Intermediate,2,12.7
P0787,49,24,Intermediate,1,13.4
P0788,38,16,Intermediate,1,10.6
P0789,25,1,Intermediate,0,11.1
P0790,50,22,Intermediate,3,0.0
P0791,27,5,Junior,2,11.7
P0792,50,5,Junior,1,0.0
P0793,32,6,Intermediate,0,11.4
P0794,41,15,Intermediate,0,4.1
P0795,32,6,Junior,0,16.5
P0796,46,1,Intermediate,0,9.0
P0797,31,4,Junior,0,6.9
P0798,22,1,Intermediate,2,10.0
P0799,43,16,Senior,0,9.1
P0800,37,9,Junior,3,9.8
P0801,47,10,Intermediate,1,6.6
P0802,23,2,Junior,3,13.3
P0803,46,20,Intermediate,0,10.2
P0804,36,13,Senior,0,8.3
P0805,34,13,Junior,4,2.2
P0806,36,14,Intermediate,3,7.7
P0807,34,9,Junior,0,14.4
P0808,45,18,Senior,0,13.7
P0809,48,18,Intermediate,0,9.4
P0810,35,9,Junior,0,8.3
P0811,21,1,Junior,1,10.2
P0812,44,16,Junior,1,12.0
P0813,40,18,Intermediate,2,6.4
P0814,31,3,Senior,0,4.8
P0815,34,6,Intermediate,1,12.7
P0816,44,22,Junior,1,15.8
P0817,48,27,Junior,1,11.2
P0818,28,6,Junior,2,13.1
P0819,36,3,Junior,0,15.5
P0820,31,7,Intermediate,1,5.3
P0821,35,1,Intermediate,0,5.7
P0822,44,19,Intermediate,0,7.1
P0823,27,2,Junior,1,7.8
P0824,41,8,Intermediate,1,16.1
P0825,25,2,Junior,1,2.6
P0826,26,5,Junior,0,9.9
P0827,23,1,Intermediate,0,6.4
P0828,23,2,Intermediate,0,8.7
P0829,37,12,Junior,1,14.7
P0830,45,16,Junior,0,11.9
P0831,30,3,Junior,0,8.0
P0832,45,13,Intermediate,1,15.1
P0833,36,11,Junior,0,4.0
P0834,48,24,Junior,1,10.4
P0835,28,1,Junior,0,6.5
P0836,45,20,Intermediate,4,5.2
P0837,33,10,Junior,0,4.4
P0838,29,6,Junior,0,14.3
P0839,49,10,Senior,1,13.1
P0840,40,7,Junior,1,6.8
P0841,28,7,Junior,1,8.2
P0842,43,17,Junior,2,6.4
P0843,43,6,Junior,0,7.4
P0844,25,3,Junior,0,5.9
P0845,50,15,Senior,3,7.8
P0846,39,6,Intermediate,0,11.6
P0847,37,9,Senior,0,8.6
P0848,37,15,Senior,2,20.0
P0849,26,2,Senior,1,18.9
P0850,46,19,Junior,0,10.0
P0851,31,6,Junior,1,5.6
P0852,47,8,Senior,0,13.0
P0853,42,7,Junior,2,12.2
P0854,42,13,Junior,1,8.5
P0855,26,4,Junior,2,15.8
P0856,47,17,Intermediate,3,2.6
P0857,40,14,Intermediate,1,11.4
P0858,43,18,Junior,1,12.4
P0859,26,3,Intermediate,1,14.0
P0860,49,20,Intermediate,1,7.1
P0861,32,9,Junior,0,8.0
P0862,49,25,Junior,1,9.8
P0863,37,5,Intermediate,1,15.6
P0864,23,1,Intermediate,1,8.5
P0865,37,16,Junior,2,13.2
P0866,36,3,Junior,0,9.5
P0867,25,2,Junior,0,7.1
P0868,26,3,Junior,2,12.1
P0869,44,4,Intermediate,0,15.7
P0870,48,10,Junior,0,4.1
P0871,26,2,Junior,0,9.6
P0872,38,13,Intermediate,4,8.2
P0873,50,26,Intermediate,0,7.7
P0874,27,6,Junior,3,14.0
P0875,41,14,Senior,0,4.6
P0876,42,3,Junior,2,10.6
P0877,39,9,Intermediate,1,14.5
P0878,35,14,Senior,1,5.2
P0879,45,12,Junior,1,9.6
P0880,41,16,Junior,1,4.8
P0881,36,12,Intermediate,4,6.0
P0882,34,13,Junior,1,5.9
P0883,39,2,Junior,0,15.8
P0884,29,4,Intermediate,0,10.1
P0885,46,6,Intermediate,0,7.3
P0886,47,26,Intermediate,2,6.7
P0887,25,1,Intermediate,2,0.7
P0888,23,1,Intermediate,1,0.5
P0889,29,7,Intermediate,4,12.2
P0890,30,7,Intermediate,2,10.9
P0891,21,1,Junior,0,13.9
P0892,44,16,Intermediate,0,4.5
P0893,47,17,Junior,1,11.3
P0894,33,9,Intermediate,0,0.6
P0895,46,1,Senior,1,4.3
P0896,21,1,Junior,1,10.9
P0897,45,24,Junior,1,11.3
P0898,43,10,Intermediate,0,16.6
P0899,36,4,Senior,0,15.3
P0900,24,2,Intermediate,1,7.4
P0901,32,9,Junior,1,17.8
P0902,34,12,Intermediate,1,9.5
P0903,21,1,Senior,2,6.8
P0904,43,3,Senior,2,2.4
P0905,24,1,Intermediate,1,9.4
P0906,28,5,Intermediate,1,7.5
P0907,27,1,Junior,0,8.4
P0908,45,13,Junior,0,20.1
P0909,24,1,Junior,2,10.2
P0910,34,8,Intermediate,1,12.2
P0911,36,4,Junior,0,4.5
P0912,37,14,Junior,3,5.3
P0913,28,2,Senior,1,10.1
P0914,33,4,Junior,0,12.9
P0915,47,22,Intermediate,1,8.4
P0916,47,21,Junior,2,13.7
P0917,23,2,Intermediate,1,8.3
P0918,46,21,Intermediate,4,7.1
P0919,43,14,Intermediate,0,10.3
P0920,30,1,Junior,0,6.4
P0921,39,1,Intermediate,1,15.8
P0922,24,2,Intermediate,3,4.0
P0923,39,11,Intermediate,1,1.8
P0924,41,4,Junior,1,11.4
P0925,49,10,Junior,1,11.8
P0926,38,7,Senior,1,3.2
P0927,46,6,Intermediate,1,10.6
P0928,26,3,Junior,2,8.0
P0929,50,7,Intermediate,1,7.1
P0930,34,9,Intermediate,0,7.6
P0931,46,25,Junior,0,14.7
P0932,38,15,Junior,0,9.1
P0933,23,1,Intermediate,1,7.3
P0934,32,5,Junior,5,8.7
P0935,24,2,Intermediate,1,6.8
P0936,21,1,Junior,1,13.8
P0937,38,16,Intermediate,1,13.7
P0938,47,26,Intermediate,0,8.3
P0939,31,2,Junior,1,11.8
P0940,44,12,Junior,2,10.8
P0941,25,1,Intermediate,2,6.0
P0942,27,4,Intermediate,0,7.5
P0943,36,4,Intermediate,1,8.2
P0944,49,21,Intermediate,0,10.5
P0945,47,7,Junior,0,12.5
P0946,24,3,Junior,0,7.2
P0947,32,10,Intermediate,1,13.4
P0948,42,3,Junior,4,10.3
P0949,30,6,Junior,0,14.1
P0950,39,10,Junior,0,13.1
P0951,35,5,Junior,0,6.0
P0952,22,1,Intermediate,2,3.2
P0953,23,2,Junior,0,7.6
P0954,29,7,Junior,1,15.7
P0955,32,4,Junior,1,5.4
P0956,47,24,Intermediate,1,3.3
P0957,37,14,Intermediate,1,10.5
P0958,22,1,Senior,0,0.0
P0959,50,15,Junior,2,11.0
P0960,36,9,Intermediate,2,11.9
P0961,32,4,Intermediate,3,12.5
P0962,46,23,Junior,0,11.5
P0963,43,16,Intermediate,0,14.6
P0964,50,13,Junior,0,9.6
P0965,24,3,Intermediate,0,8.1
P0966,22,1,Intermediate,0,6.1
P0967,30,9,Junior,2,11.1
P0968,27,6,Junior,0,8.0
P0969,29,1,Intermediate,0,19.4
P0970,26,3,Junior,1,7.1
P0971,34,8,Senior,1,0.5
P0972,26,1,Senior,0,8.0
P0973,41,16,Senior,1,11.0
P0974,26,1,Junior,2,5.6
P0975,41,3,Junior,0,12.0
P0976,43,20,Junior,0,0.0
P0977,41,16,Senior,0,13.4
P0978,37,13,Intermediate,1,10.6
P0979,30,4,Intermediate,0,17.7
P0980,39,17,Junior,2,11.4
P0981,27,4,Junior,0,7.9
P0982,25,2,Junior,1,8.8
P0983,50,24,Intermediate,0,10.7
P0984,47,19,Junior,1,1.6
P0985,33,1,Junior,0,8.1
P0986,42,18,Intermediate,0,8.1
P0987,48,18,Intermediate,1,13.1
P0988,22,1,Junior,0,9.6
P0989,26,3,Junior,1,7.0
P0990,24,3,Senior,1,5.0
P0991,31,6,Junior,0,8.6
P0992,35,8,Junior,1,9.0
P0993,30,5,Intermediate,0,10.3
P0994,22,1,Junior,2,16.4
P0995,50,9,Intermediate,1,8.2
P0996,26,5,Intermediate,0,10.7
P0997,32,6,Intermediate,1,14.8
P0998,44,2,Junior,0,3.9
P0999,37,4,Junior,1,7.7
P1000,44,6,Senior,2,5.0
P1001,28,6,Junior,0,6.6
P1002,34,13,Junior,1,9.4
P1003,23,1,Intermediate,0,3.1
P1004,31,10,Junior,0,6.3
P1005,23,1,Intermediate,3,10.6
P1006,33,8,Intermediate,1,6.3
P1007,33,3,Intermediate,0,13.8
P1008,44,10,Intermediate,1,10.8
P1009,31,7,Junior,1,8.2
P1010,36,9,Intermediate,0,10.6
P1011,33,11,Junior,0,4.0
P1012,42,20,Junior,2,13.7
P1013,40,1,Intermediate,1,7.3
P1014,50,19,Junior,1,10.9
P1015,36,12,Intermediate,0,10.3
P1016,29,8,Junior,3,14.2
P1017,47,26,Intermediate,0,13.7
P1018,47,6,Junior,2,9.5
P1019,36,15,Intermediate,2,4.5
P1020,44,20,Intermediate,1,0.3
P1021,21,1,Intermediate,2,11.9
P1022,21,1,Intermediate,1,14.3
P1023,21,1,Senior,1,14.3
P1024,32,10,Junior,1,8.2
P1025,49,10,Junior,2,14.2
P1026,41,13,Intermediate,0,12.1
P1027,46,8,Junior,1,10.0
P1028,22,1,Intermediate,1,11.5
P1029,47,6,Intermediate,1,4.6
P1030,41,8,Senior,2,10.9
P1031,46,14,Junior,0,6.5
P1032,46,10,Intermediate,0,10.4
P1033,40,13,Junior,0,14.6
P1034,36,6,Junior,2,11.2
P1035,29,1,Intermediate,0,14.8
P1036,43,5,Senior,1,17.4
P1037,46,14,Junior,2,1.4
P1038,49,3,Intermediate,0,10.7
P1039,41,2,Junior,2,12.6
P1040,40,1,Junior,1,10.0
P1041,33,9,Junior,1,9.9
P1042,46,13,Junior,0,3.6
P1043,23,2,Intermediate,1,5.1
P1044,36,15,Intermediate,2,12.7
P1045,31,5,Junior,1,6.2
P1046,43,7,Junior,1,4.6
P1047,46,1,Junior,2,9.8
P1048,24,1,Junior,0,12.0
P1049,36,14,Junior,0,9.3
P1050,21,1,Junior,1,6.3
P1051,33,4,Intermediate,1,7.5
P1052,36,9,Junior,0,8.0
P1053,24,3,Junior,0,9.0
P1054,48,19,Intermediate,1,5.0
P1055,40,16,Intermediate,3,9.3
P1056,39,5,Intermediate,1,10.6
P1057,34,7,Junior,1,12.8
P1058,25,1,Junior,1,9.7
P1059,38,9,Junior,0,8.2
P1060,26,2,Junior,1,6.0
P1061,45,17,Intermediate,0,5.7
P1062,50,10,Junior,0,16.9
P1063,38,16,Senior,0,13.4
P1064,48,20,Senior,2,5.1
P1065,33,9,Junior,2,7.4
P1066,49,9,Junior,2,12.5
P1067,33,7,Senior,1,10.8
P1068,22,1,Junior,0,6.1
P1069,25,2,Junior,2,10.0
P1070,26,3,Senior,2,16.6
P1071,31,10,Senior,2,8.8
P1072,32,6,Junior,1,10.3
P1073,49,28,Intermediate,2,13.8
P1074,31,8,Intermediate,2,15.0
P1075,39,18,Junior,1,16.7
P1076,35,7,Junior,0,8.4
P1077,28,5,Junior,0,17.3
P1078,35,13,Junior,1,15.9
P1079,38,16,Intermediate,1,8.4
P1080,26,2,Intermediate,2,7.2
P1081,30,1,Intermediate,0,9.0
P1082,26,2,Intermediate,1,12.5
P1083,43,16,Junior,0,6.4
P1084,41,9,Junior,2,18.4
P1085,22,1,Junior,1,8.5
P1086,37,3,Junior,1,13.9
P1087,25,3,Junior,3,5.3
P1088,36,8,Junior,2,6.8
P1089,23,2,Junior,1,9.7
P1090,22,1,Junior,2,11.0
P1091,49,3,Intermediate,1,11.2
P1092,38,9,Intermediate,0,6.5
P1093,21,1,Junior,2,13.8
P1094,47,8,Junior,0,9.8
P1095,27,4,Junior,2,2.1
P1096,21,1,Junior,2,14.3
P1097,31,7,Junior,1,10.5
P1098,46,5,Senior,3,7.8
P1099,45,2,Intermediate,0,13.9
P1100,21,1,Junior,2,7.8
P1101,39,3,Intermediate,0,4.5
P1102,35,6,Intermediate,2,12.8
P1103,42,1,Junior,1,9.3
P1104,33,10,Senior,0,6.7
P1105,50,24,Junior,1,10.1
P1106,48,27,Senior,1,9.5
P1107,25,2,Junior,2,7.8
P1108,43,16,Intermediate,0,9.6
P1109,49,23,Senior,1,9.5
P1110,31,1,Junior,1,4.5
P1111,41,7,Junior,1,10.3
P1112,29,1,Senior,3,7.4
P1113,22,1,Junior,0,6.5
P1114,49,17,Junior,0,7.9
P1115,46,16,Intermediate,0,12.0
P1116,24,1,Junior,1,9.8
P1117,45,2,Junior,1,2.6
P1118,43,1,Senior,2,9.6
P1119,45,14,Intermediate,0,8.9
P1120,47,10,Junior,1,15.1
P1121,46,16,Junior,2,9.9
P1122,23,2,Junior,2,13.5
P1123,48,3,Junior,3,10.9
P1124,31,5,Junior,1,6.2
P1125,32,2,Intermediate,2,10.4
P1126,48,24,Senior,1,14.7
P1127,38,14,Intermediate,2,7.5
P1128,34,8,Junior,0,10.2
P1129,41,10,Intermediate,0,8.9
P1130,32,2,Intermediate,1,11.1
P1131,28,1,Junior,2,3.0
P1132,37,11,Junior,1,8.7
P1133,32,4,Intermediate,0,10.2
P1134,27,6,Senior,0,17.2
P1135,37,16,Intermediate,0,14.0
P1136,22,1,Senior,0,15.5
P1137,42,1,Senior,0,10.5
P1138,27,5,Senior,1,12.0
P1139,49,10,Junior,0,7.7
P1140,30,6,Junior,1,9.5
P1141,25,1,Intermediate,0,4.5
P1142,45,5,Intermediate,1,4.2
P1143,50,7,Junior,1,15.3
P1144,48,5,Intermediate,0,2.6
P1145,30,4,Junior,0,2.6
P1146,43,7,Junior,2,4.6
P1147,38,9,Junior,2,4.8
P1148,36,11,Junior,1,9.4
P1149,48,21,Intermediate,3,9.3
P1150,36,2,Junior,1,4.5
P1151,32,11,Junior,1,18.8
P1152,43,8,Junior,0,14.8
P1153,35,6,Junior,2,6.3
P1154,28,5,Junior,1,12.7
P1155,29,8,Intermediate,4,14.8
P1156,22,1,Junior,1,14.1
P1157,31,3,Intermediate,1,4.1
P1158,35,12,Intermediate,2,4.5
P1159,49,9,Junior,0,2.6
P1160,25,2,Intermediate,1,12.5
P1161,40,15,Junior,0,9.5
P1162,32,10,Junior,0,12.3
P1163,31,6,Junior,1,9.1
P1164,42,4,Senior,1,6.0
P1165,40,6,Intermediate,1,16.4
P1166,47,7,Intermediate,0,12.9
P1167,43,7,Senior,2,10.6
P1168,24,1,Intermediate,0,11.6
P1169,33,2,Intermediate,0,10.1
P1170,40,10,Intermediate,0,5.0
P1171,28,6,Junior,0,12.9
P1172,36,10,Senior,1,12.2
P1173,45,19,Junior,1,16.5
P1174,25,3,Intermediate,0,11.5
P1175,37,4,Intermediate,2,1.7
P1176,43,10,Junior,2,9.9
P1177,36,1,Intermediate,1,3.3
P1178,24,2,Junior,0,7.1
P1179,43,17,Junior,0,11.1
P1180,27,2,Intermediate,0,11.5
P1181,32,11,Junior,0,6.4
P1182,25,2,Junior,2,10.8
P1183,31,10,Senior,2,6.0
P1184,47,16,Intermediate,1,10.5
P1185,40,19,Junior,0,3.2
P1186,32,2,Junior,0,7.8
P1187,42,14,Intermediate,0,6.3
P1188,40,2,Senior,3,13.0
P1189,38,13,Intermediate,0,14.1
P1190,26,3,Intermediate,2,12.0
P1191,28,6,Intermediate,2,11.6
P1192,36,8,Junior,2,9.7
P1193,37,12,Junior,1,5.7
P1194,40,7,Junior,1,1.6
P1195,21,1,Senior,1,4.9
P1196,48,25,Junior,0,13.8
P1197,25,3,Junior,1,15.4
P1198,27,1,Junior,0,12.8
P1199,31,2,Senior,3,9.1
P1200,25,2,Junior,0,7.4
P1201,26,5,Junior,3,13.3
P1202,26,1,Intermediate,0,15.8
P1203,50,7,Senior,2,13.4
P1204,21,1,Intermediate,1,13.3
P1205,38,9,Intermediate,0,6.0
P1206,43,22,Junior,0,7.8
P1207,40,13,Intermediate,0,11.3
P1208,21,1,Junior,1,16.5
P1209,36,14,Senior,0,14.2
P1210,45,19,Senior,1,2.2
P1211,38,14,Junior,1,7.0
P1212,34,8,Intermediate,1,4.9
P1213,23,2,Senior,0,11.2
P1214,28,1,Intermediate,1,10.8
P1215,45,2,Junior,0,12.9
P1216,31,7,Senior,1,10.2
P1217,26,1,Junior,1,10.1
P1218,39,16,Intermediate,4,0.7
P1219,26,3,Junior,1,10.8
P1220,33,2,Senior,0,15.3
P1221,29,8,Intermediate,0,16.8
P1222,35,3,Intermediate,1,6.5
P1223,31,4,Intermediate,0,9.3
P1224,35,2,Junior,1,13.8
P1225,40,2,Intermediate,0,10.5
P1226,21,1,Intermediate,1,9.1
P1227,40,4,Junior,1,8.5
P1228,34,4,Junior,0,6.5
P1229,43,13,Intermediate,2,12.3
P1230,31,3,Junior,1,8.5
P1231,42,7,Junior,1,12.3
P1232,32,10,Intermediate,2,12.3
P1233,44,10,Junior,2,8.5
P1234,37,1,Senior,1,2.5
P1235,28,5,Junior,0,13.4
P1236,31,7,Junior,0,12.2
P1237,50,15,Junior,0,8.9
P1238,37,16,Junior,0,14.9
P1239,49,1,Senior,1,9.9
P1240,44,4,Intermediate,1,9.3
P1241,49,27,Junior,0,12.9
P1242,23,1,Senior,2,12.7
P1243,35,3,Junior,0,2.7
P1244,27,4,Junior,3,12.1
P1245,37,1,Junior,0,13.6
P1246,49,26,Senior,0,7.3
P1247,35,8,Junior,0,11.3
P1248,42,12,Junior,0,13.7
P1249,30,5,Intermediate,1,8.9
P1250,21,1,Intermediate,0,1.2
P1251,40,10,Intermediate,3,6.8
P1252,33,1,Intermediate,0,8.6
P1253,48,23,Junior,0,7.2
P1254,31,10,Junior,2,10.2
P1255,29,2,Intermediate,1,14.2
P1256,22,1,Junior,0,12.3
P1257,42,3,Intermediate,1,12.4
P1258,22,1,Intermediate,0,7.8
P1259,21,1,Junior,1,13.4
P1260,34,5,Junior,0,10.1
P1261,47,11,Junior,2,4.7
P1262,49,6,Junior,0,1.3
P1263,36,7,Senior,1,14.4
P1264,50,25,Senior,1,4.1
P1265,42,19,Intermediate,0,12.6
P1266,45,2,Junior,0,6.4
P1267,33,3,Junior,1,5.2
P1268,36,2,Junior,1,6.1
P1269,25,1,Junior,0,14.6
P1270,35,11,Senior,0,10.5
P1271,37,16,Intermediate,1,15.0
P1272,34,2,Intermediate,0,9.7
P1273,28,2,Intermediate,1,13.3
P1274,28,7,Intermediate,1,11.7
P1275,24,1,Intermediate,1,10.8
P1276,34,11,Intermediate,1,12.4
P1277,26,4,Senior,0,18.1
P1278,24,1,Intermediate,1,12.5
P1279,33,7,Junior,0,9.9
P1280,46,21,Junior,1,12.6
P1281,29,1,Intermediate,0,9.2
P1282,44,13,Intermediate,2,8.4
P1283,31,8,Junior,2,3.4
P1284,50,11,Intermediate,0,7.2
P1285,50,27,Senior,1,12.4
P1286,33,7,Junior,0,11.2
P1287,26,1,Intermediate,1,12.0
P1288,45,19,Junior,3,12.5
P1289,43,5,Junior,1,6.9
P1290,26,4,Intermediate,2,6.9
P1291,35,1,Junior,0,12.0
P1292,45,24,Junior,1,12.5
P1293,32,4,Junior,0,11.5
P1294,43,21,Junior,1,5.4
P1295,40,17,Intermediate,4,5.8
P1296,29,2,Junior,1,8.6
P1297,31,2,Senior,0,8.3
P1298,41,11,Intermediate,0,12.6
P1299,50,25,Intermediate,2,15.0
P1300,29,3,Intermediate,0,9.2
P1301,50,18,Senior,1,6.2
P1302,35,10,Junior,1,0.7
P1303,35,7,Junior,1,10.2
P1304,28,4,Junior,1,13.2
P1305,49,1,Junior,3,7.7
P1306,33,12,Junior,0,4.0
P1307,33,8,Intermediate,0,16.5
P1308,21,1,Junior,0,9.5
P1309,25,2,Intermediate,1,7.6
P1310,27,2,Intermediate,3,6.1
P1311,23,2,Intermediate,0,7.3
P1312,35,9,Junior,1,14.1
P1313,33,8,Intermediate,1,6.9
P1314,37,9,Junior,1,9.9
P1315,46,8,Intermediate,0,16.9
P1316,45,13,Intermediate,1,9.6
P1317,23,1,Junior,1,10.6
P1318,44,6,Intermediate,0,11.2
P1319,40,19,Junior,2,10.3
P1320,35,6,Junior,2,15.3
P1321,48,23,Junior,2,6.7
P1322,49,13,Intermediate,0,13.7
P1323,41,19,Junior,2,3.4
P1324,24,1,Intermediate,1,6.2
P1325,23,1,Junior,0,11.3
P1326,47,25,Intermediate,3,9.2
P1327,25,3,Intermediate,0,13.1
P1328,27,2,Junior,1,15.4
P1329,25,3,Junior,1,11.6
P1330,47,11,Junior,0,12.0
P1331,27,3,Intermediate,2,10.6
P1332,37,14,Junior,1,14.5
P1333,27,4,Junior,1,11.7
P1334,34,10,Intermediate,2,6.8
P1335,24,2,Intermediate,1,21.1
P1336,21,1,Intermediate,2,3.8
P1337,42,11,Junior,1,3.5
P1338,26,1,Intermediate,0,8.5
P1339,44,22,Junior,0,2.0
P1340,46,5,Junior,0,2.4
P1341,27,2,Junior,1,10.9
P1342,35,1,Intermediate,0,8.7
P1343,47,1,Intermediate,4,11.2
P1344,26,1,Junior,2,9.6
P1345,39,11,Junior,1,3.4
P1346,37,1,Junior,2,8.0
P1347,24,1,Junior,2,7.7
P1348,49,22,Intermediate,0,9.3
P1349,44,9,Junior,1,8.4
P1350,47,22,Junior,1,10.7
P1351,34,9,Junior,0,10.1
P1352,42,17,Intermediate,0,5.4
P1353,29,6,Intermediate,2,10.0
P1354,36,5,Junior,3,7.6
P1355,46,24,Junior,1,12.5
P1356,41,9,Intermediate,0,6.7
P1357,36,11,Intermediate,1,6.2
P1358,27,3,Junior,0,11.0
P1359,27,1,Intermediate,2,17.4
P1360,21,1,Senior,0,15.0
P1361,50,7,Intermediate,0,10.6
P1362,48,21,Junior,0,15.4
P1363,47,26,Intermediate,0,10.7
P1364,43,22,Junior,0,8.3
P1365,24,3,Intermediate,1,4.2
P1366,43,13,Junior,2,17.5
P1367,40,3,Junior,0,6.4
P1368,25,4,Junior,1,12.5
P1369,24,3,Junior,0,15.0
P1370,38,1,Intermediate,0,14.9
P1371,47,12,Intermediate,2,8.9
P1372,38,1,Junior,2,16.0
P1373,41,5,Junior,1,12.7
P1374,29,5,Senior,1,4.0
P1375,49,22,Junior,1,9.1
P1376,36,1,Junior,2,12.9
P1377,21,1,Junior,0,16.8
P1378,40,10,Junior,1,12.8
P1379,47,18,Junior,1,6.1
P1380,22,1,Junior,3,13.4
P1381,42,13,Junior,2,12.6
P1382,40,4,Intermediate,0,5.6
P1383,25,2,Intermediate,2,12.7
P1384,40,16,Senior,0,10.7
P1385,46,23,Intermediate,0,16.5
P1386,29,3,Junior,4,11.3
P1387,22,1,Intermediate,1,8.6
P1388,39,15,Junior,1,9.2
P1389,41,7,Junior,2,11.3
P1390,40,10,Intermediate,2,11.8
P1391,24,2,Intermediate,0,10.1
P1392,28,1,Intermediate,1,21.1
P1393,33,4,Intermediate,3,10.0
P1394,32,11,Senior,0,17.2
P1395,26,4,Junior,0,5.3
P1396,30,4,Intermediate,3,10.6
P1397,41,9,Intermediate,1,4.8
P1398,49,27,Intermediate,2,7.8
P1399,36,2,Senior,2,13.1
P1400,43,8,Junior,1,6.5
P1401,35,2,Intermediate,4,12.6
P1402,26,3,Junior,1,8.7
P1403,25,4,Senior,0,7.5
P1404,23,1,Junior,1,11.1
P1405,29,1,Junior,0,7.9
P1406,44,2,Senior,3,10.4
P1407,49,23,Intermediate,2,5.2
P1408,42,17,Intermediate,0,7.6
P1409,29,4,Intermediate,0,12.4
P1410,37,12,Intermediate,1,12.9
P1411,47,7,Intermediate,1,14.5
P1412,39,16,Intermediate,1,5.1
P1413,33,8,Intermediate,1,10.2
P1414,23,1,Intermediate,0,12.9
P1415,27,2,Intermediate,0,13.5
P1416,30,9,Junior,2,8.0
P1417,31,3,Intermediate,1,7.8
P1418,34,11,Intermediate,2,11.2
P1419,42,4,Intermediate,0,8.9
P1420,43,14,Junior,0,7.4
P1421,25,3,Junior,3,11.6
P1422,28,6,Junior,2,11.0
P1423,28,6,Junior,0,12.8
P1424,47,19,Intermediate,0,10.9
P1425,36,12,Junior,1,19.4
P1426,45,20,Intermediate,0,6.6
P1427,21,1,Junior,1,10.2
P1428,30,6,Senior,1,14.0
P1429,36,15,Junior,4,12.1
P1430,33,7,Intermediate,1,11.7
P1431,36,5,Junior,0,14.4
P1432,23,1,Intermediate,1,7.7
P1433,45,12,Junior,2,15.3
P1434,48,1,Junior,2,18.8
P1435,26,1,Junior,0,12.9
P1436,32,11,Junior,0,11.8
P1437,37,3,Junior,1,3.3
P1438,21,1,Intermediate,0,10.4
P1439,38,17,Intermediate,2,1.9
P1440,36,4,Junior,0,5.2
P1441,26,5,Junior,1,6.3
P1442,34,9,Intermediate,1,16.1
P1443,22,1,Intermediate,1,4.9
P1444,48,8,Intermediate,0,13.0
P1445,30,7,Junior,0,4.1
P1446,32,10,Junior,1,14.1
P1447,38,8,Intermediate,1,13.9
P1448,49,18,Junior,0,11.2
P1449,45,20,Junior,1,21.2
P1450,33,6,Intermediate,1,12.2
P1451,25,4,Intermediate,1,10.8
P1452,23,2,Senior,2,8.3
P1453,23,2,Junior,2,9.6
P1454,36,9,Intermediate,0,9.2
P1455,36,11,Intermediate,1,13.9
P1456,29,5,Junior,1,16.4
P1457,26,1,Junior,1,5.4
P1458,23,1,Junior,1,5.5
P1459,40,14,Intermediate,0,6.1
P1460,33,6,Senior,0,9.4
P1461,36,10,Intermediate,0,12.5
P1462,22,1,Senior,0,14.4
P1463,35,8,Intermediate,4,11.9
P1464,44,20,Senior,1,15.8
P1465,43,19,Senior,2,10.1
P1466,49,17,Senior,3,13.6
P1467,49,3,Intermediate,0,15.8
P1468,49,3,Junior,1,8.7
P1469,50,22,Senior,1,10.4
P1470,39,4,Junior,2,11.6
P1471,31,1,Senior,1,6.8
P1472,44,2,Intermediate,1,13.4
P1473,23,2,Intermediate,1,6.7
P1474,41,10,Intermediate,2,18.8
P1475,40,19,Junior,1,15.6
P1476,32,2,Junior,4,10.4
P1477,26,2,Intermediate,0,12.7
P1478,46,15,Junior,2,9.7
P1479,21,1,Senior,0,9.4
P1480,32,1,Junior,0,9.3
P1481,25,1,Junior,1,2.0
P1482,41,5,Junior,0,4.9
P1483,27,1,Intermediate,0,7.9
P1484,21,1,Intermediate,2,8.5
P1485,22,1,Intermediate,3,12.9
P1486,29,8,Junior,1,13.4
P1487,26,2,Junior,0,4.8
P1488,49,6,Junior,0,7.5
P1489,23,2,Junior,1,13.0
P1490,32,9,Junior,2,7.6
P1491,46,4,Intermediate,2,3.6
P1492,27,1,Junior,0,7.3
P1493,45,16,Junior,1,4.8
P1494,50,13,Junior,1,13.7
P1495,22,1,Intermediate,2,8.2
P1496,24,1,Senior,1,10.7
P1497,30,3,Junior,2,14.1
P1498,35,9,Junior,1,7.2
P1499,47,16,Junior,1,12.9
P1500,39,2,Intermediate,2,17.3
P1501,42,19,Junior,3,12.9
P1502,45,6,Senior,0,5.2
P1503,31,5,Junior,1,4.2
P1504,49,26,Junior,0,10.5
P1505,26,1,Intermediate,0,7.3
P1506,28,5,Junior,1,5.1
P1507,26,3,Junior,1,5.2
P1508,21,1,Junior,0,13.2
P1509,30,4,Senior,3,11.3
P1510,35,12,Intermediate,2,7.3
P1511,33,3,Junior,0,11.5
P1512,35,6,Junior,0,10.3
P1513,44,21,Intermediate,0,9.4
P1514,41,5,Junior,0,6.1
P1515,23,1,Junior,2,5.8
P1516,25,1,Junior,1,15.6
P1517,48,18,Junior,0,9.1
P1518,28,5,Junior,0,9.2
P1519,46,12,Junior,1,5.1
P1520,36,9,Intermediate,0,15.7
P1521,34,11,Junior,1,10.3
P1522,37,9,Intermediate,0,16.8
P1523,44,9,Junior,3,11.1
P1524,32,5,Senior,1,12.7
P1525,25,1,Intermediate,2,7.3
P1526,42,15,Junior,3,13.3
P1527,39,3,Intermediate,5,7.9
P1528,29,6,Intermediate,0,5.8
P1529,41,16,Intermediate,2,8.9
P1530,41,13,Intermediate,1,5.0
P1531,44,11,Junior,1,12.5
P1532,22,1,Intermediate,1,11.5
P1533,29,2,Intermediate,0,5.4
P1534,41,6,Intermediate,2,6.1
P1535,36,6,Intermediate,4,9.8
P1536,50,25,Intermediate,1,7.1
P1537,30,8,Intermediate,1,12.0
P1538,32,1,Junior,2,6.0
P1539,45,12,Junior,1,12.7
P1540,26,3,Junior,1,13.9
P1541,42,10,Intermediate,1,11.1
P1542,25,1,Junior,0,11.0
P1543,47,1,Junior,5,12.1
P1544,25,4,Junior,0,7.2
P1545,35,6,Junior,0,7.0
P1546,42,11,Junior,0,8.4
P1547,44,14,Junior,0,13.6
P1548,35,14,Intermediate,0,14.8
P1549,48,25,Junior,1,6.8
P1550,35,8,Intermediate,4,6.2
P1551,44,1,Junior,3,11.8
P1552,41,7,Junior,2,10.5
P1553,32,2,Junior,0,11.0
P1554,50,26,Intermediate,1,11.9
P1555,49,22,Intermediate,0,3.0
P1556,47,12,Junior,1,6.9
P1557,46,12,Junior,4,6.8
P1558,21,1,Junior,0,2.6
P1559,32,3,Junior,0,13.1
P1560,49,17,Junior,2,10.7
P1561,25,4,Junior,3,1.1
P1562,41,5,Junior,1,4.4
P1563,29,3,Intermediate,3,15.7
P1564,45,10,Junior,0,11.1
P1565,24,1,Intermediate,2,12.3
P1566,27,4,Intermediate,1,14.3
P1567,32,11,Intermediate,1,8.1
P1568,24,3,Junior,1,10.8
P1569,29,5,Intermediate,1,9.9
P1570,25,3,Junior,2,6.7
P1571,22,1,Junior,1,14.8
P1572,29,4,Junior,0,4.9
P1573,23,1,Junior,0,8.6
P1574,22,1,Intermediate,1,11.2
P1575,39,3,Intermediate,2,5.0
P1576,35,10,Intermediate,3,3.2
P1577,42,15,Junior,1,4.2
P1578,41,1,Intermediate,1,5.5
P1579,26,4,Intermediate,1,10.9
P1580,38,2,Intermediate,0,10.2
P1581,46,7,Junior,1,10.4
P1582,33,3,Intermediate,1,13.8
P1583,35,11,Intermediate,1,6.2
P1584,45,17,Junior,1,6.4
P1585,48,26,Junior,0,4.3
P1586,34,2,Junior,1,8.2
P1587,43,16,Senior,2,11.9
P1588,38,14,Junior,0,5.9
P1589,35,4,Intermediate,0,10.0
P1590,39,17,Intermediate,0,4.8
P1591,40,13,Intermediate,0,3.5
P1592,48,19,Junior,0,14.2
P1593,25,3,Junior,1,19.8
P1594,23,1,Intermediate,1,11.7
P1595,48,9,Intermediate,0,6.8
P1596,25,1,Intermediate,1,6.5
P1597,28,5,Intermediate,0,6.7
P1598,30,3,Intermediate,1,17.4
P1599,25,4,Intermediate,0,6.9
P1600,21,1,Senior,2,12.8
P1601,44,11,Junior,1,1.2
P1602,27,6,Junior,0,6.5
P1603,28,5,Intermediate,1,7.5
P1604,39,12,Intermediate,0,9.6
P1605,23,1,Junior,0,5.0
P1606,42,17,Junior,2,11.8
P1607,44,22,Intermediate,0,11.1
P1608,45,20,Junior,2,18.2
P1609,34,9,Junior,0,11.6
P1610,32,7,Intermediate,0,3.4
P1611,25,1,Junior,1,7.7
P1612,41,13,Junior,1,14.0
P1613,30,3,Junior,0,11.0
P1614,26,2,Intermediate,1,9.7
P1615,22,1,Intermediate,1,9.8
P1616,26,4,Junior,2,16.4
P1617,34,5,Intermediate,0,14.1
P1618,27,3,Junior,1,16.5
P1619,40,15,Junior,1,8.5
P1620,31,6,Intermediate,1,12.8
P1621,44,6,Intermediate,1,20.7
P1622,50,21,Junior,2,10.4
P1623,45,2,Junior,3,8.1
P1624,29,8,Intermediate,0,9.9
P1625,43,5,Junior,1,15.4
P1626,28,6,Intermediate,0,10.1
P1627,34,5,Junior,1,12.6
P1628,33,12,Intermediate,0,9.1
P1629,31,10,Junior,0,5.5
P1630,33,1,Senior,3,4.1
P1631,44,6,Junior,1,8.4
P1632,47,24,Intermediate,0,5.1
P1633,29,7,Junior,1,9.4
P1634,33,11,Junior,0,12.1
P1635,36,11,Senior,1,9.1
P1636,43,8,Junior,1,5.5
P1637,50,17,Intermediate,2,7.8
P1638,25,1,Intermediate,0,10.1
P1639,37,10,Intermediate,0,4.5
P1640,22,1,Junior,0,7.9
P1641,38,8,Junior,1,8.6
P1642,43,8,Junior,0,7.2
P1643,25,3,Senior,1,5.3
P1644,22,1,Intermediate,0,8.6
P1645,24,2,Intermediate,3,0.0
P1646,46,21,Intermediate,2,14.4
P1647,26,3,Intermediate,2,7.0
P1648,32,4,Intermediate,1,7.9
P1649,33,11,Intermediate,1,3.8
P1650,34,3,Senior,2,15.5
P1651,39,4,Intermediate,0,4.9
P1652,37,8,Junior,3,10.2
P1653,45,15,Intermediate,0,12.7
P1654,47,5,Intermediate,0,3.1
P1655,34,1,Junior,0,9.1
P1656,47,6,Intermediate,0,9.5
P1657,43,10,Junior,2,0.5
P1658,24,2,Junior,0,11.4
P1659,27,2,Junior,0,8.5
P1660,30,2,Junior,2,10.2
P1661,50,8,Junior,1,9.5
P1662,41,4,Senior,1,18.4
P1663,31,2,Intermediate,1,12.1
P1664,43,14,Junior,3,9.3
P1665,36,8,Intermediate,0,8.0
P1666,29,7,Senior,1,10.0
P1667,42,19,Junior,3,7.6
P1668,33,2,Intermediate,1,5.6
P1669,45,13,Senior,1,8.5
P1670,41,10,Intermediate,2,9.6
P1671,47,23,Intermediate,2,9.2
P1672,36,2,Senior,1,9.0
P1673,45,13,Junior,2,10.5
P1674,44,12,Senior,3,8.2
P1675,37,7,Senior,2,16.3
P1676,40,17,Junior,2,13.0
P1677,34,12,Intermediate,1,19.5
P1678,48,10,Junior,2,8.5
P1679,23,2,Junior,1,18.1
P1680,32,2,Junior,1,18.2
P1681,31,10,Junior,0,11.4
P1682,26,2,Senior,0,3.8
P1683,37,12,Intermediate,0,1.6
P1684,33,5,Junior,1,11.9
P1685,50,11,Intermediate,1,12.7
P1686,33,3,Junior,1,10.6
P1687,37,8,Intermediate,2,12.9
P1688,35,7,Junior,2,17.3
P1689,34,2,Intermediate,1,11.3
P1690,21,1,Junior,1,3.7
P1691,36,6,Intermediate,2,10.7
P1692,21,1,Junior,2,6.7
P1693,31,6,Junior,0,6.9
P1694,23,2,Intermediate,0,12.9
P1695,40,11,Junior,0,9.0
P1696,42,3,Intermediate,0,9.8
P1697,34,2,Junior,0,11.0
P1698,47,8,Junior,2,3.1
P1699,50,19,Intermediate,0,13.3
P1700,47,3,Junior,0,7.0
P1701,37,16,Intermediate,2,12.7
P1702,27,6,Intermediate,0,5.7
P1703,24,1,Junior,0,12.5
P1704,36,14,Junior,3,9.5
P1705,30,4,Intermediate,2,17.7
P1706,25,1,Junior,1,7.5
P1707,21,1,Junior,2,7.6
P1708,46,2,Intermediate,0,11.6
P1709,31,4,Junior,0,6.4
P1710,40,11,Intermediate,1,15.7
P1711,47,20,Junior,2,7.0
P1712,34,6,Intermediate,2,12.7
P1713,49,25,Junior,1,16.7
P1714,31,4,Intermediate,2,13.1
P1715,36,11,Intermediate,1,4.0
P1716,31,10,Junior,1,3.3
P1717,41,9,Intermediate,0,11.8
P1718,47,7,Intermediate,1,13.3
P1719,48,19,Intermediate,1,5.9
P1720,27,2,Junior,1,18.4
P1721,46,12,Intermediate,1,12.7
P1722,21,1,Intermediate,0,3.1
P1723,27,3,Intermediate,0,10.5
P1724,43,22,Junior,2,7.1
P1725,43,16,Junior,0,8.9
P1726,24,1,Intermediate,0,7.7
P1727,42,20,Intermediate,0,6.9
P1728,23,2,Junior,1,9.8
P1729,25,4,Intermediate,1,13.1
P1730,46,20,Intermediate,1,8.1
P1731,45,11,Senior,0,16.9
P1732,48,22,Junior,1,12.7
P1733,34,7,Senior,0,15.0
P1734,38,14,Junior,1,18.2
P1735,42,16,Junior,1,13.8
P1736,37,1,Junior,1,8.8
P1737,21,1,Junior,1,14.0
P1738,25,1,Intermediate,0,13.9
P1739,25,4,Junior,0,13.4
P1740,25,4,Junior,0,3.3
P1741,38,13,Intermediate,1,19.1
P1742,40,15,Junior,0,10.2
P1743,47,5,Intermediate,0,9.7
P1744,28,5,Junior,4,6.8
P1745,34,2,Junior,1,13.6
P1746,49,11,Junior,1,7.8
P1747,42,20,Junior,3,13.9
P1748,48,2,Senior,1,9.6
P1749,50,20,Junior,1,18.1
P1750,29,7,Junior,0,6.4
P1751,24,3,Junior,1,9.9
P1752,28,3,Junior,3,7.9
P1753,49,1,Junior,1,14.7
P1754,28,1,Intermediate,1,11.2
P1755,32,10,Intermediate,2,6.5
P1756,22,1,Junior,1,9.1
P1757,30,2,Junior,0,3.2
P1758,31,5,Junior,1,6.0
P1759,47,22,Intermediate,2,13.0
P1760,26,5,Junior,1,6.4
P1761,30,8,Junior,3,1.0
P1762,35,2,Junior,0,9.4
P1763,27,2,Senior,1,11.8
P1764,22,1,Senior,3,9.8
P1765,41,15,Intermediate,1,15.4
P1766,36,6,Junior,4,11.1
P1767,33,7,Junior,3,7.6
P1768,28,2,Junior,1,12.2
P1769,43,3,Intermediate,1,6.8
P1770,34,10,Intermediate,1,8.0
P1771,41,7,Intermediate,2,14.3
P1772,33,12,Junior,2,6.6
P1773,33,3,Junior,0,15.7
P1774,35,12,Junior,1,2.7
P1775,43,13,Junior,0,10.9
P1776,46,18,Junior,0,15.2
P1777,21,1,Intermediate,2,9.0
P1778,23,1,Junior,2,14.6
P1779,21,1,Junior,1,10.0
P1780,36,14,Senior,2,13.5
P1781,42,9,Intermediate,1,8.5
P1782,39,4,Junior,2,9.9
P1783,30,2,Intermediate,0,8.1
P1784,28,1,Intermediate,0,6.1
P1785,24,3,Intermediate,1,12.5
P1786,43,11,Junior,0,15.8
P1787,50,8,Junior,1,11.9
P1788,42,14,Junior,0,14.0
P1789,27,4,Junior,0,16.3
P1790,24,2,Junior,0,9.8
P1791,21,1,Junior,2,13.5
P1792,35,2,Junior,1,15.1
P1793,41,20,Junior,2,12.3
P1794,27,2,Intermediate,2,6.1
P1795,37,5,Junior,2,9.1
P1796,47,8,Intermediate,0,10.6
P1797,29,4,Intermediate,0,10.4
P1798,26,4,Senior,1,3.1
P1799,24,1,Intermediate,0,11.5
P1800,24,1,Intermediate,3,6.8
P1801,24,2,Junior,0,12.7
P1802,27,4,Junior,1,8.5
P1803,35,13,Intermediate,1,15.9
P1804,38,12,Junior,0,9.9
P1805,22,1,Junior,1,13.3
P1806,36,3,Intermediate,1,6.4
P1807,32,1,Intermediate,0,16.9
P1808,34,6,Senior,1,10.8
P1809,43,6,Junior,0,17.7
P1810,46,7,Junior,1,12.8
P1811,33,8,Intermediate,0,12.5
P1812,42,2,Junior,1,16.7
P1813,31,1,Intermediate,2,6.5
P1814,40,7,Junior,0,15.7
P1815,49,12,Junior,3,13.9
P1816,48,9,Junior,0,14.7
P1817,35,14,Junior,2,12.6
P1818,26,3,Intermediate,0,8.9
P1819,34,6,Senior,0,8.9
P1820,33,5,Junior,1,12.3
P1821,47,3,Intermediate,2,12.6
P1822,27,2,Junior,0,2.8
P1823,35,10,Intermediate,4,6.0
P1824,41,4,Junior,1,6.6
P1825,35,14,Intermediate,1,8.2
P1826,46,10,Intermediate,1,5.9
P1827,33,2,Intermediate,1,21.3
P1828,33,2,Junior,1,8.6
P1829,31,10,Senior,1,4.7
P1830,23,2,Intermediate,2,9.0
P1831,40,7,Junior,3,9.2
P1832,50,17,Intermediate,1,15.3
P1833,37,14,Senior,2,4.0
P1834,25,4,Intermediate,2,5.5
P1835,37,3,Intermediate,4,8.6
P1836,42,6,Junior,4,10.0
P1837,43,2,Junior,1,4.6
P1838,45,17,Senior,3,11.4
P1839,25,1,Intermediate,3,13.6
P1840,31,8,Junior,0,4.1
P1841,39,4,Senior,2,5.5
P1842,46,13,Junior,3,10.1
P1843,43,21,Intermediate,1,12.0
P1844,40,2,Senior,2,8.6
P1845,26,4,Senior,0,8.9
P1846,23,1,Senior,1,4.4
P1847,35,8,Intermediate,0,16.0
P1848,38,17,Intermediate,0,13.1
P1849,48,12,Intermediate,1,16.4
P1850,37,4,Junior,3,12.6
P1851,42,20,Junior,0,1.9
P1852,21,1,Intermediate,1,10.5
P1853,35,11,Intermediate,0,14.7
P1854,47,21,Intermediate,0,13.2
P1855,21,1,Intermediate,1,6.5
P1856,38,9,Junior,0,17.8
P1857,32,4,Intermediate,2,5.6
P1858,28,7,Senior,1,6.0
P1859,48,18,Intermediate,1,8.8
P1860,26,4,Intermediate,1,11.7
P1861,42,16,Junior,0,15.4
P1862,38,12,Junior,1,9.2
P1863,37,4,Junior,2,0.0
P1864,39,15,Intermediate,1,6.7
P1865,28,2,Intermediate,1,15.9
P1866,24,3,Intermediate,1,4.7
P1867,29,5,Intermediate,0,13.8
P1868,39,18,Intermediate,0,13.2
P1869,40,19,Junior,0,12.5
P1870,27,5,Intermediate,1,7.5
P1871,28,7,Intermediate,3,6.5
P1872,43,10,Intermediate,1,10.4
P1873,42,21,Intermediate,2,10.4
P1874,25,4,Senior,2,3.1
P1875,39,18,Junior,0,4.5
P1876,32,11,Junior,0,6.7
P1877,29,4,Intermediate,0,12.1
P1878,32,10,Senior,1,9.1
P1879,50,22,Junior,0,6.3
P1880,36,1,Intermediate,1,5.7
P1881,32,5,Junior,0,1.3
P1882,30,3,Senior,0,6.4
P1883,47,26,Intermediate,0,15.1
P1884,36,10,Senior,1,11.8
P1885,45,13,Senior,1,10.5
P1886,43,11,Intermediate,2,11.3
P1887,41,3,Intermediate,1,13.4
P1888,31,8,Junior,1,6.5
P1889,49,14,Junior,0,3.3
P1890,37,5,Junior,1,7.3
P1891,44,2,Intermediate,0,8.5
P1892,41,17,Junior,1,15.5
P1893,48,7,Junior,1,2.9
P1894,48,26,Junior,0,11.7
P1895,39,15,Junior,3,16.0
P1896,29,6,Intermediate,3,7.5
P1897,28,6,Intermediate,1,13.8
P1898,45,3,Intermediate,2,6.9
P1899,27,6,Intermediate,0,7.8
P1900,34,6,Junior,0,15.3
P1901,24,2,Intermediate,0,10.2
P1902,35,12,Senior,1,11.8
P1903,49,4,Intermediate,3,8.7
P1904,41,12,Senior,2,9.0
P1905,28,4,Junior,2,0.0
P1906,21,1,Senior,1,14.9
P1907,37,2,Junior,2,11.0
P1908,27,4,Senior,0,9.2
P1909,24,1,Intermediate,0,15.9
P1910,23,1,Junior,1,1.8
P1911,29,6,Intermediate,0,9.0
P1912,33,9,Intermediate,3,11.0
P1913,46,11,Junior,3,8.1
P1914,27,3,Intermediate,1,7.2
P1915,42,18,Intermediate,0,8.6
P1916,30,2,Junior,0,13.1
P1917,26,1,Junior,1,17.7
P1918,44,15,Junior,0,10.8
P1919,39,2,Junior,2,9.2
P1920,46,17,Junior,2,4.2
P1921,21,1,Intermediate,1,4.1
P1922,30,3,Junior,0,14.2
P1923,25,3,Intermediate,0,19.8
P1924,28,7,Junior,0,13.1
P1925,39,9,Junior,1,13.2
P1926,36,15,Junior,0,0.0
P1927,46,17,Junior,1,19.5
P1928,32,6,Intermediate,2,9.5
P1929,26,4,Junior,1,7.1
P1930,41,6,Intermediate,2,10.6
P1931,36,6,Junior,0,10.5
P1932,25,4,Junior,2,6.6
P1933,21,1,Junior,2,7.9
P1934,34,4,Intermediate,0,4.9
P1935,47,7,Junior,1,10.2
P1936,38,8,Senior,0,8.6
P1937,26,5,Senior,1,3.7
P1938,22,1,Junior,1,6.4
P1939,24,1,Junior,1,8.2
P1940,21,1,Junior,1,13.0
P1941,40,13,Intermediate,0,5.6
P1942,35,7,Intermediate,1,7.2
P1943,46,25,Intermediate,0,5.9
P1944,24,2,Junior,1,7.8
P1945,29,6,Junior,0,9.4
P1946,34,6,Intermediate,2,13.0
P1947,47,9,Junior,1,9.3
P1948,24,2,Junior,3,9.2
P1949,42,12,Intermediate,2,4.3
P1950,48,25,Junior,2,4.5
P1951,21,1,Junior,1,2.6
P1952,42,9,Intermediate,2,11.0
P1953,27,3,Junior,2,10.7
P1954,44,14,Intermediate,0,4.7
P1955,41,14,Junior,1,7.7
P1956,36,9,Junior,0,11.2
P1957,40,7,Junior,3,9.2
P1958,47,13,Junior,1,2.7
P1959,42,2,Intermediate,0,7.5
P1960,42,10,Junior,0,13.0
P1961,36,7,Senior,0,9.3
P1962,50,5,Intermediate,0,9.6
P1963,23,1,Junior,1,7.7
P1964,45,24,Junior,0,11.6
P1965,24,3,Junior,1,12.8
P1966,49,28,Intermediate,2,8.2
P1967,36,5,Intermediate,0,11.7
P1968,33,8,Intermediate,0,11.4
P1969,25,1,Junior,1,0.0
P1970,39,6,Senior,2,15.7
P1971,42,10,Intermediate,1,11.7
P1972,41,14,Intermediate,0,6.1
P1973,34,8,Senior,2,13.2
P1974,25,1,Senior,0,4.8
P1975,45,16,Intermediate,1,14.2
P1976,33,12,Junior,3,6.6
P1977,45,22,Junior,0,14.6
P1978,49,5,Intermediate,1,7.5
P1979,46,22,Junior,1,14.0
P1980,36,11,Senior,1,8.2
P1981,32,3,Junior,2,8.1
P1982,42,5,Intermediate,2,11.3
P1983,28,4,Intermediate,0,6.4
P1984,29,8,Intermediate,1,9.2
P1985,33,9,Junior,1,15.6
P1986,29,7,Intermediate,1,10.9
P1987,28,2,Junior,2,14.7
P1988,35,14,Intermediate,2,14.8
P1989,25,4,Junior,0,10.3
P1990,39,2,Intermediate,0,16.4
P1991,44,17,Junior,1,12.3
P1992,44,16,Intermediate,5,5.4
P1993,33,12,Junior,1,17.0
P1994,26,4,Intermediate,1,2.0
P1995,24,1,Intermediate,0,8.3
P1996,36,12,Junior,0,14.2
P1997,38,7,Junior,1,12.5
P1998,26,4,Junior,1,14.6
P1999,25,1,Junior,0,5.5
P2000,50,18,Intermediate,1,12.3
P2001,48,18,Intermediate,2,10.0
P2002,40,17,Junior,2,8.9
P2003,24,1,Junior,0,3.4
P2004,49,7,Junior,2,17.1
P2005,33,10,Junior,0,12.9
P2006,31,9,Junior,0,9.0
P2007,39,1,Junior,2,11.0
P2008,40,2,Junior,1,2.1
P2009,46,18,Intermediate,1,12.3
P2010,39,17,Intermediate,1,9.4
P2011,34,11,Intermediate,1,13.2
P2012,32,10,Junior,0,16.7
P2013,24,3,Junior,3,9.7
P2014,29,7,Junior,2,14.8
P2015,26,3,Intermediate,0,3.3
P2016,31,10,Intermediate,2,13.3
P2017,40,18,Junior,2,10.4
P2018,33,7,Intermediate,0,9.7
P2019,40,17,Intermediate,1,9.6
P2020,26,3,Intermediate,0,5.3
P2021,39,13,Junior,0,9.0
P2022,50,12,Senior,2,8.2
P2023,49,24,Senior,1,16.2
P2024,28,1,Junior,0,9.8
P2025,21,1,Senior,0,5.4
P2026,21,1,Senior,0,18.7
P2027,44,17,Intermediate,0,11.1
P2028,25,3,Junior,0,11.3
P2029,41,6,Junior,1,15.6
P2030,22,1,Junior,0,8.9
P2031,50,13,Intermediate,1,15.9
P2032,43,22,Junior,2,4.1
P2033,28,1,Senior,1,8.6
P2034,39,14,Intermediate,2,1.8
P2035,40,6,Junior,1,17.1
P2036,48,10,Senior,1,5.3
P2037,21,1,Junior,1,16.5
P2038,25,4,Intermediate,0,10.7
P2039,39,11,Intermediate,1,14.6
P2040,42,2,Junior,0,9.3
P2041,50,6,Intermediate,0,12.5
P2042,44,10,Intermediate,0,8.8
P2043,48,17,Junior,0,5.9
P2044,29,4,Junior,2,11.4
P2045,31,2,Junior,1,13.5
P2046,23,2,Intermediate,0,10.7
P2047,34,1,Junior,1,11.9
P2048,43,12,Intermediate,2,13.1
P2049,42,16,Intermediate,0,11.9
P2050,41,7,Intermediate,2,11.1
P2051,50,26,Junior,2,12.1
P2052,21,1,Junior,2,5.0
P2053,44,15,Intermediate,4,3.6
P2054,49,28,Junior,0,8.4
P2055,40,18,Intermediate,0,8.0
P2056,37,16,Intermediate,1,12.7
P2057,37,13,Junior,2,16.8
P2058,39,6,Junior,1,7.4
P2059,37,1,Junior,1,22.6
P2060,31,6,Intermediate,0,14.4
P2061,23,2,Senior,0,4.8
P2062,49,6,Intermediate,0,8.8
P2063,50,14,Senior,2,8.8
P2064,50,21,Junior,1,12.7
P2065,25,2,Junior,0,5.5
P2066,35,4,Senior,1,18.2
P2067,42,16,Junior,0,10.5
P2068,36,7,Junior,0,6.6
P2069,43,3,Intermediate,2,7.0
P2070,42,19,Intermediate,0,2.2
P2071,28,5,Intermediate,0,9.9
P2072,37,7,Intermediate,0,8.9
P2073,24,2,Junior,1,8.5
P2074,28,7,Junior,0,10.7
P2075,47,8,Intermediate,2,15.0
P2076,37,2,Junior,1,12.6
P2077,22,1,Junior,1,9.2
P2078,49,4,Intermediate,0,10.7
P2079,38,8,Junior,3,17.3
P2080,31,4,Intermediate,0,10.3
P2081,32,9,Junior,1,15.2
P2082,48,23,Junior,3,11.7
P2083,38,4,Intermediate,1,7.7
P2084,36,1,Junior,2,16.4
P2085,30,5,Junior,2,3.8
P2086,32,2,Junior,2,9.3
P2087,41,1,Intermediate,0,9.5
P2088,32,10,Intermediate,2,9.9
P2089,35,10,Intermediate,0,5.4
P2090,44,8,Senior,1,10.6
P2091,25,2,Junior,1,6.2
P2092,24,2,Junior,0,9.0
P2093,37,13,Junior,1,10.8
P2094,35,5,Junior,3,16.4
P2095,21,1,Intermediate,1,2.2
P2096,29,7,Junior,3,7.7
P2097,36,4,Senior,0,8.6
P2098,27,3,Intermediate,2,7.3
P2099,44,3,Junior,1,10.7
P2100,40,8,Intermediate,0,2.9
P2101,48,14,Intermediate,1,2.5
P2102,29,4,Intermediate,0,12.4
P2103,43,13,Intermediate,0,17.0
P2104,40,13,Senior,2,7.7
P2105,24,3,Intermediate,1,3.2
P2106,30,4,Intermediate,1,5.8
P2107,38,16,Junior,0,10.0
P2108,38,14,Intermediate,2,12.1
P2109,35,4,Senior,0,13.6
P2110,43,11,Junior,1,0.0
P2111,49,20,Junior,1,16.4
P2112,36,15,Junior,2,7.0
P2113,44,15,Senior,0,7.5
P2114,39,10,Senior,1,14.7
P2115,44,23,Intermediate,0,9.7
P2116,21,1,Junior,1,15.5
P2117,24,2,Senior,2,16.3
P2118,29,7,Junior,0,9.1
P2119,40,8,Junior,0,6.7
P2120,42,6,Intermediate,0,8.6
P2121,23,1,Intermediate,0,6.7
P2122,27,1,Junior,0,13.7
P2123,23,2,Junior,3,8.8
P2124,27,5,Intermediate,1,8.1
P2125,49,4,Intermediate,2,15.5
P2126,24,3,Intermediate,0,9.6
P2127,35,6,Intermediate,1,15.0
P2128,25,3,Junior,0,7.9
P2129,41,3,Senior,0,9.3
P2130,38,8,Intermediate,0,9.7
P2131,44,7,Intermediate,1,0.6
P2132,36,2,Junior,0,3.2
P2133,44,11,Intermediate,0,11.7
P2134,48,13,Intermediate,0,13.2
P2135,28,6,Intermediate,2,12.1
P2136,45,18,Intermediate,0,0.7
P2137,34,13,Junior,0,11.0
P2138,37,10,Intermediate,1,13.5
P2139,41,9,Junior,0,14.4
P2140,37,3,Junior,0,5.7
P2141,33,9,Intermediate,2,2.5
P2142,49,2,Senior,0,14.3
P2143,50,20,Junior,1,8.5
P2144,50,12,Intermediate,0,10.9
P2145,25,4,Senior,1,3.9
P2146,27,6,Intermediate,1,19.9
P2147,33,12,Intermediate,0,6.9
P2148,23,1,Intermediate,1,7.5
P2149,33,1,Intermediate,0,16.3
P2150,32,10,Intermediate,1,10.4
P2151,40,18,Senior,0,11.0
P2152,21,1,Junior,1,15.1
P2153,41,18,Junior,2,6.0
P2154,47,19,Intermediate,0,14.1
P2155,40,1,Junior,0,11.4
P2156,32,4,Intermediate,3,12.4
P2157,35,6,Senior,1,11.0
P2158,28,7,Junior,4,10.9
P2159,36,15,Senior,0,8.5
P2160,43,13,Intermediate,2,5.6
P2161,44,12,Senior,1,14.4
P2162,37,4,Senior,0,12.0
P2163,23,1,Senior,0,5.6
P2164,24,1,Junior,0,9.7
P2165,43,14,Senior,1,8.2
P2166,28,7,Intermediate,1,8.4
P2167,40,16,Junior,2,12.3
P2168,25,3,Junior,1,12.1
P2169,27,2,Intermediate,3,11.3
P2170,34,2,Junior,0,13.7
P2171,30,1,Senior,2,12.4
P2172,33,10,Senior,1,8.7
P2173,34,12,Intermediate,0,14.4
P2174,22,1,Intermediate,2,11.7
P2175,24,3,Intermediate,2,0.2
P2176,32,9,Junior,0,2.1
P2177,21,1,Junior,2,7.7
P2178,27,6,Intermediate,0,8.1
P2179,21,1,Senior,1,3.3
P2180,23,2,Junior,1,14.5
P2181,33,3,Intermediate,2,11.4
P2182,49,12,Junior,3,18.3
P2183,44,14,Senior,1,11.4
P2184,43,21,Junior,1,11.4
P2185,30,1,Junior,2,13.0
P2186,44,7,Junior,1,12.3
P2187,46,10,Intermediate,2,7.6
P2188,50,20,Junior,0,6.9
P2189,47,13,Junior,0,11.9
P2190,31,3,Intermediate,1,6.5
P2191,30,4,Intermediate,0,11.0
P2192,47,21,Intermediate,1,5.8
P2193,37,5,Intermediate,0,6.0
P2194,24,3,Junior,2,3.7
P2195,49,21,Junior,0,10.0
P2196,28,6,Junior,1,9.4
P2197,25,1,Intermediate,1,11.5
P2198,45,22,Senior,2,9.3
P2199,28,1,Junior,3,11.7
P2200,21,1,Intermediate,0,8.7
P2201,31,10,Senior,0,14.1
P2202,41,12,Junior,0,14.8
P2203,48,2,Intermediate,1,1.5
P2204,21,1,Senior,0,10.1
P2205,26,3,Junior,2,4.0
P2206,31,3,Intermediate,3,15.2
P2207,35,8,Junior,3,8.9
P2208,46,6,Intermediate,0,15.3
P2209,23,2,Junior,0,10.1
P2210,23,2,Intermediate,2,9.8
P2211,42,19,Junior,2,7.2
P2212,33,8,Junior,1,17.8
P2213,50,18,Junior,1,9.6
P2214,41,14,Intermediate,2,7.0
P2215,23,2,Senior,0,12.9
P2216,46,21,Junior,0,8.9
P2217,34,8,Junior,1,9.2
P2218,30,1,Senior,4,14.6
P2219,30,8,Intermediate,1,8.5
P2220,41,1,Senior,0,12.8
P2221,23,2,Junior,2,4.1
P2222,30,2,Junior,0,12.9
P2223,31,10,Intermediate,1,5.1
P2224,46,21,Junior,1,18.9
P2225,37,8,Junior,0,8.0
P2226,27,6,Intermediate,0,0.0
P2227,35,2,Junior,1,15.9
P2228,23,2,Junior,0,4.4
P2229,33,6,Intermediate,1,13.5
P2230,50,24,Senior,2,8.8
P2231,43,1,Junior,0,10.5
P2232,46,5,Junior,2,13.9
P2233,40,9,Junior,1,10.5
P2234,32,4,Junior,1,12.5
P2235,33,10,Senior,1,12.9
P2236,27,6,Intermediate,2,13.7
P2237,34,2,Junior,2,9.5
P2238,21,1,Intermediate,2,4.9
P2239,37,8,Intermediate,0,11.1
P2240,24,1,Junior,2,10.3
P2241,26,5,Junior,1,9.4
P2242,28,7,Intermediate,2,9.1
P2243,21,1,Intermediate,0,15.4
P2244,32,9,Senior,1,19.8
P2245,43,20,Intermediate,1,15.1
P2246,28,6,Senior,0,3.6
P2247,41,20,Junior,0,10.4
P2248,29,3,Senior,1,10.4
P2249,23,2,Intermediate,1,15.5
P2250,50,22,Junior,1,11.9
P2251,49,21,Senior,0,0.0
P2252,32,8,Junior,0,9.4
P2253,50,15,Junior,3,17.2
P2254,46,8,Intermediate,2,6.7
P2255,36,15,Junior,1,9.4
P2256,39,18,Intermediate,0,8.9
P2257,21,1,Senior,2,15.8
P2258,33,9,Junior,3,10.0
P2259,21,1,Junior,1,12.2
P2260,21,1,Junior,2,5.6
P2261,22,1,Intermediate,1,16.1
P2262,29,4,Intermediate,0,9.2
P2263,28,4,Junior,1,13.1
P2264,41,5,Junior,1,8.0
P2265,36,9,Intermediate,0,10.9
P2266,36,15,Junior,1,17.3
P2267,26,2,Intermediate,0,8.8
P2268,40,16,Junior,4,16.3
P2269,49,12,Intermediate,0,3.8
P2270,49,17,Intermediate,1,10.8
P2271,24,3,Junior,0,8.9
P2272,32,2,Junior,0,11.4
P2273,22,1,Intermediate,1,9.8
P2274,45,24,Intermediate,2,11.5
P2275,21,1,Intermediate,2,9.5
P2276,45,15,Junior,1,7.3
P2277,28,2,Junior,0,10.1
P2278,33,1,Intermediate,0,5.6
P2279,48,1,Intermediate,0,5.4
P2280,24,3,Intermediate,2,0.6
P2281,24,2,Junior,5,8.6
P2282,46,22,Junior,0,15.7
P2283,32,4,Intermediate,0,11.6
P2284,29,3,Intermediate,1,8.7
P2285,42,8,Junior,2,10.3
P2286,44,23,Intermediate,2,9.4
P2287,44,20,Intermediate,0,12.9
P2288,45,20,Intermediate,2,10.8
P2289,50,7,Junior,3,3.4
P2290,50,19,Junior,1,9.2
P2291,47,21,Junior,2,11.3
P2292,21,1,Junior,2,13.6
P2293,33,2,Intermediate,1,7.1
P2294,25,1,Junior,1,5.4
P2295,24,1,Junior,2,11.3
P2296,42,6,Junior,0,13.0
P2297,49,5,Intermediate,2,8.4
P2298,49,20,Intermediate,1,7.1
P2299,29,5,Senior,2,12.6
P2300,48,14,Intermediate,1,11.2
P2301,35,6,Junior,2,11.0
P2302,29,3,Junior,1,6.1
P2303,41,19,Intermediate,3,6.7
P2304,44,3,Senior,3,7.3
P2305,46,18,Junior,0,7.7
P2306,43,1,Junior,1,17.2
P2307,24,2,Junior,1,8.8
P2308,50,8,Intermediate,2,8.7
P2309,21,1,Junior,0,15.5
P2310,46,9,Senior,0,13.1
P2311,30,4,Junior,0,10.6
P2312,26,3,Intermediate,0,13.3
P2313,33,4,Intermediate,1,13.4
P2314,27,5,Intermediate,1,12.4
P2315,28,5,Junior,0,7.7
P2316,33,8,Intermediate,0,11.0
P2317,43,21,Intermediate,0,13.1
P2318,33,10,Junior,1,6.5
P2319,27,5,Intermediate,1,12.0
P2320,30,8,Junior,0,12.6
P2321,26,1,Junior,0,6.7
P2322,34,8,Intermediate,0,14.1
P2323,49,3,Intermediate,1,13.3
P2324,47,22,Intermediate,0,10.2
P2325,32,3,Junior,3,7.6
P2326,28,2,Junior,1,8.3
P2327,30,8,Junior,0,12.7
P2328,23,2,Junior,1,13.2
P2329,35,14,Intermediate,1,10.2
P2330,46,12,Intermediate,0,7.3
P2331,24,1,Intermediate,3,5.9
P2332,23,1,Intermediate,0,7.2
P2333,39,2,Intermediate,0,13.0
P2334,31,8,Junior,2,10.6
P2335,34,10,Intermediate,0,10.2
P2336,21,1,Junior,0,9.7
P2337,25,4,Intermediate,1,7.4
P2338,49,4,Intermediate,1,5.7
P2339,48,20,Intermediate,2,15.4
P2340,47,3,Junior,1,6.5
P2341,38,10,Senior,1,12.7
P2342,40,4,Junior,1,11.2
P2343,34,11,Intermediate,0,6.6
P2344,41,5,Intermediate,0,7.8
P2345,42,1,Junior,1,8.3
P2346,37,13,Intermediate,1,3.8
P2347,47,24,Senior,0,16.6
P2348,33,2,Junior,1,9.3
P2349,23,2,Junior,2,17.2
P2350,36,1,Junior,2,4.6
P2351,42,18,Intermediate,1,5.4
P2352,40,3,Junior,2,17.6
P2353,50,10,Junior,4,9.7
P2354,32,1,Intermediate,1,5.2
P2355,31,6,Junior,2,7.4
P2356,44,21,Intermediate,0,5.5
P2357,44,20,Junior,2,7.3
P2358,45,1,Junior,2,9.5
P2359,40,12,Intermediate,0,10.1
P2360,34,9,Intermediate,1,2.4
P2361,30,9,Junior,3,6.7
P2362,38,1,Senior,1,8.9
P2363,25,3,Junior,0,15.8
P2364,45,8,Senior,3,17.5
P2365,50,26,Intermediate,1,10.0
P2366,35,13,Junior,2,7.2
P2367,40,14,Junior,1,9.1
P2368,43,18,Junior,0,15.6
P2369,44,5,Junior,0,6.0
P2370,35,12,Junior,1,6.1
P2371,29,3,Intermediate,0,14.6
P2372,41,12,Junior,1,9.3
P2373,44,17,Senior,0,8.3
P2374,23,2,Intermediate,0,4.0
P2375,21,1,Junior,1,15.6
P2376,42,1,Intermediate,0,13.4
P2377,37,14,Senior,0,9.6
P2378,50,25,Junior,0,7.1
P2379,22,1,Junior,1,10.2
P2380,50,14,Junior,1,13.6
P2381,44,10,Senior,0,11.1
P2382,41,3,Intermediate,0,4.9
P2383,41,9,Intermediate,2,10.2
P2384,30,2,Senior,2,11.4
P2385,32,2,Junior,0,6.6
P2386,21,1,Intermediate,0,5.7
P2387,29,7,Junior,1,8.7
P2388,24,3,Intermediate,1,16.9
P2389,28,5,Senior,0,9.0
P2390,34,5,Senior,2,11.0
P2391,46,19,Intermediate,0,13.5
P2392,33,4,Intermediate,1,7.4
P2393,35,6,Intermediate,2,9.0
P2394,48,18,Senior,2,11.1
P2395,50,8,Senior,0,9.8
P2396,35,14,Junior,0,4.9
P2397,23,2,Senior,1,7.9
P2398,33,11,Junior,2,5.5
P2399,28,5,Intermediate,0,6.2
P2400,35,1,Intermediate,1,7.5
P2401,23,1,Senior,0,10.6
P2402,23,2,Junior,1,3.9
P2403,29,6,Intermediate,1,8.6
P2404,22,1,Senior,1,10.5
P2405,40,18,Senior,1,8.5
P2406,28,6,Junior,0,14.2
P2407,21,1,Senior,1,6.9
P2408,35,4,Intermediate,3,9.1
P2409,35,3,Junior,0,5.0
P2410,38,10,Intermediate,0,7.1
P2411,35,4,Intermediate,0,7.0
P2412,37,5,Intermediate,2,12.6
P2413,30,2,Intermediate,1,8.2
P2414,44,22,Intermediate,1,12.2
P2415,32,6,Junior,3,9.5
P2416,48,6,Senior,1,7.2
P2417,26,4,Intermediate,0,11.9
P2418,37,7,Intermediate,0,7.3
P2419,21,1,Intermediate,0,4.0
P2420,31,7,Senior,0,10.9
P2421,47,25,Intermediate,1,4.1
P2422,29,3,Senior,2,9.7
P2423,30,2,Senior,1,16.5
P2424,32,2,Junior,0,7.4
P2425,22,1,Junior,1,17.7
P2426,37,13,Junior,2,6.5
P2427,34,1,Junior,0,18.0
P2428,36,1,Junior,1,6.2
P2429,43,11,Junior,0,8.2
P2430,26,2,Junior,0,9.0
P2431,28,6,Junior,2,9.3
P2432,44,9,Junior,1,10.8
P2433,31,10,Intermediate,0,5.0
P2434,40,5,Intermediate,2,4.0
P2435,35,3,Intermediate,2,7.8
P2436,29,5,Senior,1,10.7
P2437,30,5,Intermediate,3,13.6
P2438,50,2,Intermediate,0,5.8
P2439,41,16,Junior,0,9.4
P2440,29,7,Junior,2,6.4
P2441,31,9,Senior,0,13.1
P2442,47,9,Intermediate,2,2.6
P2443,39,8,Junior,0,5.7
P2444,29,6,Junior,3,6.7
P2445,22,1,Junior,1,8.9
P2446,47,21,Intermediate,0,11.8
P2447,45,20,Junior,2,0.0
P2448,38,2,Junior,3,7.7
P2449,36,13,Intermediate,2,8.4
P2450,29,1,Junior,2,12.2
P2451,22,1,Junior,1,2.6
P2452,40,16,Intermediate,2,7.9
P2453,27,6,Intermediate,3,15.6
P2454,32,4,Intermediate,1,6.9
P2455,22,1,Intermediate,1,6.8
P2456,47,5,Senior,2,9.7
P2457,22,1,Junior,1,7.9
P2458,46,15,Intermediate,1,11.6
P2459,35,13,Junior,1,9.3
P2460,42,9,Junior,1,0.3
P2461,45,6,Junior,3,12.2
P2462,27,4,Junior,1,14.6
P2463,38,7,Intermediate,1,12.9
P2464,23,1,Junior,1,3.6
P2465,44,17,Junior,1,11.0
P2466,31,9,Junior,1,2.4
P2467,45,4,Intermediate,0,6.2
P2468,50,14,Junior,2,10.8
P2469,38,9,Junior,1,15.7
P2470,22,1,Junior,1,6.5
P2471,22,1,Intermediate,3,11.6
P2472,47,13,Junior,0,8.6
P2473,45,2,Senior,2,10.7
P2474,27,4,Junior,1,11.7
P2475,39,12,Senior,1,11.2
P2476,31,5,Intermediate,0,9.0
P2477,45,6,Senior,0,9.1
P2478,31,4,Intermediate,2,11.3
P2479,44,5,Intermediate,1,8.3
P2480,48,13,Intermediate,0,15.1
P2481,30,4,Intermediate,1,15.4
P2482,37,2,Junior,0,9.7
P2483,26,3,Junior,2,15.2
P2484,32,11,Junior,2,15.1
P2485,49,15,Junior,2,13.3
P2486,36,11,Junior,3,9.2
P2487,21,1,Intermediate,1,9.5
P2488,37,3,Junior,0,4.4
P2489,41,3,Junior,0,8.6
P2490,39,18,Junior,1,12.6
P2491,40,8,Junior,0,9.9
P2492,47,10,Intermediate,1,7.9
P2493,28,6,Intermediate,0,9.4
P2494,41,16,Senior,1,9.5
P2495,36,10,Junior,0,7.2
P2496,26,3,Junior,0,11.2
P2497,50,2,Junior,1,8.5
P2498,36,9,Intermediate,2,12.7
P2499,43,11,Junior,0,21.3
P2500,46,23,Junior,6,15.4
P2501,46,13,Junior,2,10.2
P2502,33,5,Junior,1,7.4
P2503,36,15,Intermediate,2,10.0
P2504,22,1,Junior,1,10.1
P2505,25,3,Intermediate,0,9.2
P2506,26,2,Intermediate,0,14.3
P2507,29,7,Intermediate,1,8.5
P2508,21,1,Junior,0,11.1
P2509,47,20,Junior,0,16.6
P2510,36,13,Junior,4,9.1
P2511,34,9,Junior,0,6.7
P2512,24,3,Intermediate,0,12.4
P2513,22,1,Intermediate,2,10.7
P2514,26,4,Junior,1,12.2
P2515,31,2,Intermediate,2,15.4
P2516,21,1,Intermediate,0,9.9
P2517,37,9,Intermediate,1,15.8
P2518,27,5,Intermediate,5,12.1
P2519,40,19,Junior,1,6.6
P2520,34,7,Junior,1,5.9
P2521,21,1,Intermediate,0,5.0
P2522,48,20,Intermediate,3,11.9
P2523,35,12,Intermediate,0,4.0
P2524,31,6,Junior,1,7.2
P2525,36,3,Junior,1,9.7
P2526,33,2,Junior,0,3.2
P2527,29,4,Senior,1,9.8
P2528,34,3,Junior,1,3.5
P2529,21,1,Intermediate,2,6.9
P2530,23,2,Senior,2,12.9
P2531,27,5,Intermediate,1,11.0
P2532,41,9,Senior,0,10.2
P2533,23,2,Intermediate,1,5.8
P2534,44,23,Junior,1,5.6
P2535,47,12,Junior,0,12.8
P2536,42,6,Intermediate,0,20.8
P2537,40,1,Senior,0,7.4
P2538,39,12,Intermediate,3,3.6
P2539,37,6,Junior,0,3.6
P2540,50,27,Intermediate,2,8.5
P2541,31,10,Senior,0,13.0
P2542,25,4,Intermediate,1,7.6
P2543,22,1,Intermediate,1,12.6
P2544,33,7,Junior,0,16.6
P2545,29,5,Intermediate,0,12.5
P2546,36,6,Junior,0,9.3
P2547,38,10,Junior,2,5.4
P2548,22,1,Senior,1,12.4
P2549,31,9,Junior,2,9.4
P2550,50,5,Intermediate,0,11.9
P2551,27,2,Intermediate,6,9.3
P2552,41,10,Intermediate,0,7.0
P2553,40,8,Intermediate,1,15.3
P2554,25,1,Junior,1,14.4
P2555,24,2,Intermediate,0,3.3
P2556,31,10,Junior,0,14.0
P2557,28,7,Senior,1,7.5
P2558,49,13,Junior,1,8.6
P2559,24,1,Senior,2,15.8
P2560,42,3,Intermediate,2,7.6
P2561,42,13,Intermediate,3,7.0
P2562,29,7,Senior,0,13.5
P2563,44,2,Intermediate,0,5.3
P2564,48,26,Junior,1,7.5
P2565,23,2,Junior,1,8.8
P2566,36,1,Intermediate,0,11.8
P2567,47,14,Intermediate,0,7.4
P2568,50,3,Junior,0,10.8
P2569,40,17,Senior,0,5.3
P2570,33,1,Intermediate,0,16.2
P2571,25,2,Intermediate,1,10.1
P2572,40,7,Intermediate,2,12.1
P2573,21,1,Junior,1,12.2
P2574,38,17,Intermediate,1,9.2
P2575,39,18,Intermediate,0,7.6
P2576,48,6,Intermediate,0,7.8
P2577,37,14,Intermediate,2,12.0
P2578,28,1,Junior,1,16.8
P2579,22,1,Junior,0,7.2
P2580,25,2,Junior,1,13.9
P2581,48,11,Intermediate,0,2.9
P2582,39,13,Junior,0,11.4
P2583,49,6,Junior,1,4.7
P2584,43,4,Intermediate,1,15.4
P2585,25,1,Junior,0,3.9
P2586,28,2,Intermediate,0,2.2
P2587,36,14,Junior,2,11.3
P2588,47,9,Intermediate,2,17.4
P2589,46,24,Junior,2,12.1
P2590,29,3,Intermediate,2,7.3
P2591,40,2,Intermediate,1,6.5
P2592,44,23,Intermediate,3,8.5
P2593,36,13,Intermediate,1,9.8
P2594,30,7,Junior,2,10.5
P2595,37,16,Junior,0,15.5
P2596,23,1,Junior,0,9.8
P2597,34,1,Intermediate,1,11.1
P2598,43,14,Intermediate,2,11.6
P2599,45,23,Senior,0,5.5
P2600,23,1,Intermediate,2,10.3
P2601,47,17,Senior,2,14.5
P2602,42,6,Junior,1,14.5
P2603,25,2,Junior,2,4.2
P2604,32,6,Junior,1,9.3
P2605,46,13,Intermediate,2,9.7
P2606,44,12,Intermediate,1,14.7
P2607,48,10,Junior,0,14.9
P2608,31,10,Intermediate,1,9.0
P2609,31,7,Junior,1,0.0
P2610,49,12,Junior,0,10.0
P2611,43,14,Junior,2,11.1
P2612,21,1,Junior,2,13.2
P2613,35,1,Senior,2,7.5
P2614,21,1,Intermediate,2,4.7
P2615,37,2,Intermediate,0,7.4
P2616,36,2,Intermediate,1,11.0
P2617,28,6,Junior,0,7.9
P2618,36,2,Junior,2,4.5
P2619,24,2,Junior,1,9.5
P2620,27,3,Senior,0,11.7
P2621,33,8,Junior,1,14.9
P2622,45,1,Junior,3,13.3
P2623,46,15,Junior,0,9.0
P2624,35,13,Junior,0,5.5
P2625,27,6,Junior,0,7.5
P2626,38,12,Junior,0,13.2
P2627,39,9,Intermediate,2,11.1
P2628,23,1,Senior,3,9.9
P2629,27,6,Senior,3,3.3
P2630,35,10,Intermediate,3,12.8
P2631,42,8,Junior,1,10.3
P2632,23,2,Senior,0,19.3
P2633,36,7,Junior,0,7.2
P2634,26,4,Intermediate,0,9.6
P2635,38,8,Intermediate,1,15.5
P2636,40,16,Junior,1,11.0
P2637,25,2,Intermediate,1,9.8
P2638,46,21,Junior,0,2.6
P2639,49,19,Intermediate,0,1.5
P2640,27,4,Junior,1,9.6
P2641,31,3,Junior,1,6.9
P2642,50,10,Junior,1,2.8
P2643,28,7,Junior,0,19.1
P2644,47,23,Senior,1,10.2
P2645,25,1,Intermediate,0,11.5
P2646,25,3,Junior,2,14.1
P2647,48,6,Intermediate,1,8.5
P2648,48,21,Junior,1,11.2
P2649,40,3,Senior,2,7.2
P2650,48,16,Junior,0,7.7
P2651,47,9,Junior,3,6.8
P2652,41,1,Intermediate,0,14.7
P2653,28,1,Senior,0,10.7
P2654,29,1,Intermediate,0,12.4
P2655,38,2,Senior,0,6.3
P2656,32,6,Intermediate,1,14.4
P2657,23,1,Intermediate,2,11.5
P2658,21,1,Intermediate,1,6.2
P2659,25,2,Junior,0,5.1
P2660,36,15,Junior,0,11.5
P2661,25,4,Intermediate,2,11.4
P2662,32,10,Intermediate,1,8.0
P2663,43,6,Junior,2,3.3
P2664,44,2,Junior,1,14.4
P2665,45,6,Junior,3,5.5
P2666,21,1,Junior,0,9.2
P2667,33,6,Junior,1,7.5
P2668,34,10,Senior,0,14.8
P2669,45,4,Intermediate,3,8.7
P2670,21,1,Junior,1,9.0
P2671,40,16,Junior,0,11.5
P2672,43,6,Senior,1,0.0
P2673,30,2,Intermediate,0,8.8
P2674,23,2,Intermediate,0,12.6
P2675,39,2,Intermediate,0,13.6
P2676,37,9,Senior,1,4.9
P2677,33,5,Intermediate,0,7.5
P2678,31,1,Intermediate,2,3.7
P2679,30,6,Junior,3,10.9
P2680,42,12,Intermediate,3,4.1
P2681,44,12,Intermediate,1,5.5
P2682,30,1,Intermediate,1,10.4
P2683,38,10,Senior,0,7.9
P2684,36,13,Junior,1,11.9
P2685,27,2,Junior,1,12.9
P2686,43,11,Junior,3,10.4
P2687,50,7,Intermediate,2,7.4
P2688,34,8,Senior,0,8.5
P2689,34,9,Intermediate,2,3.1
P2690,23,2,Junior,0,9.1
P2691,31,8,Junior,1,7.8
P2692,49,16,Junior,1,5.7
P2693,28,5,Intermediate,0,10.3
P2694,38,2,Junior,0,6.1
P2695,22,1,Junior,0,10.4
P2696,42,18,Junior,1,15.7
P2697,36,5,Senior,0,11.2
P2698,29,6,Intermediate,1,14.5
P2699,24,2,Junior,2,13.7
P2700,50,22,Intermediate,2,5.3
P2701,34,13,Intermediate,0,12.7
P2702,27,4,Intermediate,1,10.2
P2703,37,11,Senior,3,8.8
P2704,32,6,Senior,1,6.1
P2705,45,9,Junior,2,8.0
P2706,27,2,Intermediate,3,13.3
P2707,38,13,Junior,1,15.2
P2708,42,14,Junior,0,5.4
P2709,48,8,Junior,1,6.9
P2710,24,1,Junior,0,12.8
P2711,42,17,Junior,0,17.8
P2712,44,9,Intermediate,1,10.3
P2713,43,7,Junior,1,15.9
P2714,47,2,Junior,0,8.1
P2715,37,16,Junior,2,3.4
P2716,31,9,Intermediate,1,16.2
P2717,42,19,Senior,1,14.6
P2718,23,2,Intermediate,0,11.2
P2719,49,10,Intermediate,0,6.6
P2720,39,8,Intermediate,0,17.0
P2721,48,27,Senior,0,8.7
P2722,30,8,Intermediate,0,14.9
P2723,41,4,Junior,2,8.4
P2724,40,9,Intermediate,0,12.7
P2725,32,1,Senior,0,6.0
P2726,33,8,Junior,0,3.4
P2727,49,22,Junior,0,13.5
P2728,36,1,Intermediate,0,12.4
P2729,40,14,Junior,2,6.3
P2730,41,17,Junior,2,9.0
P2731,35,8,Senior,1,10.7
P2732,42,16,Intermediate,2,9.6
P2733,42,13,Intermediate,3,6.9
P2734,21,1,Senior,3,7.1
P2735,25,2,Junior,1,17.4
P2736,41,6,Intermediate,3,7.2
P2737,48,12,Intermediate,1,15.3
P2738,43,3,Junior,1,7.8
P2739,21,1,Senior,2,11.2
P2740,32,5,Junior,0,13.3
P2741,50,23,Intermediate,1,14.8
P2742,29,8,Junior,2,10.7
P2743,23,2,Intermediate,0,10.3
P2744,26,3,Junior,1,10.0
P2745,48,22,Intermediate,1,7.8
P2746,23,1,Intermediate,1,7.5
P2747,21,1,Intermediate,1,13.3
P2748,37,7,Senior,1,12.1
P2749,21,1,Senior,0,2.4
P2750,30,4,Intermediate,0,11.8
P2751,29,5,Senior,0,10.8
P2752,47,6,Junior,2,12.9
P2753,22,1,Junior,1,12.3
P2754,45,7,Intermediate,2,6.2
P2755,24,3,Intermediate,0,7.1
P2756,24,3,Intermediate,1,12.2
P2757,46,1,Junior,0,4.8
P2758,44,13,Intermediate,1,11.4
P2759,27,4,Intermediate,0,5.6
P2760,30,7,Junior,0,15.4
P2761,36,9,Junior,1,6.3
P2762,40,18,Intermediate,0,8.9
P2763,23,2,Intermediate,1,10.9
P2764,41,15,Senior,3,7.6
P2765,35,7,Junior,0,7.7
P2766,49,2,Junior,1,12.6
P2767,31,6,Junior,1,11.2
P2768,42,5,Senior,0,9.3
P2769,50,21,Intermediate,0,19.8
P2770,37,4,Intermediate,2,11.2
P2771,43,1,Senior,1,8.5
P2772,41,15,Junior,0,11.0
P2773,31,2,Intermediate,2,13.9
P2774,38,5,Intermediate,2,13.2
P2775,32,9,Intermediate,0,4.1
P2776,42,13,Junior,1,12.5
P2777,22,1,Junior,1,13.8
P2778,45,6,Junior,3,8.7
P2779,46,23,Junior,0,11.4
P2780,44,13,Junior,1,16.0
P2781,37,2,Junior,0,13.1
P2782,23,1,Junior,1,13.8
P2783,35,13,Intermediate,2,6.9
P2784,42,4,Junior,1,10.8
P2785,24,1,Intermediate,1,5.9
P2786,31,4,Senior,0,10.5
P2787,41,14,Intermediate,1,7.9
P2788,49,12,Senior,2,4.2
P2789,48,20,Junior,0,11.8
P2790,41,20,Intermediate,0,5.3
P2791,46,3,Junior,1,3.7
P2792,35,14,Junior,0,20.3
P2793,45,16,Intermediate,0,10.1
P2794,43,13,Intermediate,3,7.9
P2795,29,2,Intermediate,2,18.7
P2796,32,9,Junior,1,7.8
P2797,39,6,Junior,1,7.3
P2798,26,1,Junior,1,15.4
P2799,30,5,Senior,2,16.7
P2800,21,1,Junior,2,11.0
P2801,41,4,Senior,1,8.3
P2802,25,1,Junior,1,10.7
P2803,24,1,Senior,1,1.8
P2804,46,16,Junior,0,12.6
P2805,21,1,Intermediate,0,13.0
P2806,45,7,Intermediate,1,6.8
P2807,39,18,Senior,0,1.9
P2808,38,2,Intermediate,0,12.4
P2809,43,9,Intermediate,0,2.3
P2810,43,8,Junior,0,6.4
P2811,24,3,Junior,1,6.7
P2812,30,6,Intermediate,0,18.5
P2813,44,6,Intermediate,0,11.0
P2814,35,12,Intermediate,3,19.3
P2815,37,2,Intermediate,0,8.0
P2816,23,2,Intermediate,0,11.6
P2817,41,15,Intermediate,1,14.4
P2818,45,16,Intermediate,3,14.1
P2819,36,5,Intermediate,1,10.7
P2820,40,13,Junior,1,5.5
P2821,23,2,Junior,0,15.8
P2822,27,4,Junior,1,10.0
P2823,26,3,Junior,0,10.3
P2824,50,8,Junior,0,7.5
P2825,35,4,Junior,0,14.6
P2826,37,2,Junior,0,7.6
P2827,32,2,Junior,0,12.6
P2828,34,1,Junior,1,11.0
P2829,41,9,Junior,0,12.3
P2830,36,9,Intermediate,2,10.2
P2831,33,9,Junior,2,21.0
P2832,21,1,Junior,2,8.9
P2833,30,4,Intermediate,1,15.2
P2834,36,7,Intermediate,1,3.7
P2835,32,10,Intermediate,0,11.3
P2836,47,13,Junior,1,16.7
P2837,45,23,Intermediate,3,15.2
P2838,29,5,Junior,1,5.7
P2839,43,13,Intermediate,1,10.2
P2840,39,3,Senior,3,10.5
P2841,50,11,Junior,0,11.2
P2842,29,4,Intermediate,0,10.9
P2843,28,2,Junior,1,14.0
P2844,23,1,Junior,2,8.4
P2845,42,6,Junior,2,11.8
P2846,24,1,Intermediate,1,8.9
P2847,34,8,Junior,0,13.4
P2848,49,9,Intermediate,0,13.4
P2849,22,1,Junior,0,15.5
P2850,35,1,Junior,1,7.8
P2851,37,4,Intermediate,1,9.8
P2852,27,6,Senior,1,2.2
P2853,23,1,Senior,2,9.5
P2854,33,2,Senior,0,13.8
P2855,39,9,Junior,1,9.2
P2856,30,9,Senior,2,13.2
P2857,24,1,Junior,1,5.1
P2858,31,9,Intermediate,1,17.6
P2859,50,19,Senior,2,12.6
P2860,33,9,Intermediate,3,7.4
P2861,49,6,Senior,1,0.5
P2862,45,4,Senior,2,5.0
P2863,33,11,Junior,1,13.5
P2864,42,5,Intermediate,0,8.8
P2865,48,4,Intermediate,0,13.5
P2866,48,16,Intermediate,0,9.2
P2867,49,17,Senior,2,13.0
P2868,35,11,Intermediate,0,7.1
P2869,25,3,Senior,0,4.1
P2870,23,2,Intermediate,1,6.3
P2871,40,16,Junior,1,16.2
P2872,42,17,Intermediate,2,13.9
P2873,34,2,Senior,0,11.6
P2874,31,6,Senior,1,4.7
P2875,23,2,Junior,1,7.2
P2876,44,6,Junior,1,13.5
P2877,38,9,Intermediate,1,9.7
P2878,38,3,Junior,1,12.8
P2879,31,8,Junior,1,7.2
P2880,22,1,Intermediate,1,15.2
P2881,45,14,Senior,0,17.1
P2882,35,14,Junior,3,9.3
P2883,45,18,Junior,0,6.9
P2884,33,10,Intermediate,2,14.9
P2885,47,21,Intermediate,1,9.4
P2886,31,9,Intermediate,1,6.8
P2887,24,1,Intermediate,2,13.3
P2888,37,16,Intermediate,2,8.7
P2889,25,1,Intermediate,0,11.9
P2890,43,9,Junior,0,11.0
P2891,27,6,Senior,1,15.6
P2892,47,15,Intermediate,0,13.1
P2893,47,24,Junior,0,10.5
P2894,45,20,Senior,1,14.1
P2895,28,3,Senior,1,14.9
P2896,29,6,Junior,1,16.1
P2897,43,12,Senior,0,13.0
P2898,41,18,Junior,3,3.1
P2899,42,16,Senior,0,7.8
P2900,44,6,Senior,0,5.2
P2901,32,11,Intermediate,2,10.8
P2902,40,1,Junior,3,9.3
P2903,43,13,Intermediate,0,9.2
P2904,32,8,Junior,0,4.1
P2905,23,2,Junior,0,20.1
P2906,21,1,Intermediate,0,15.5
P2907,44,4,Junior,0,11.9
P2908,39,10,Junior,1,9.3
P2909,24,2,Senior,1,9.5
P2910,50,27,Intermediate,0,14.3
P2911,30,4,Junior,0,2.0
P2912,47,20,Intermediate,0,10.1
P2913,49,2,Junior,2,14.7
P2914,25,1,Junior,1,10.0
P2915,50,28,Junior,0,5.5
P2916,24,2,Intermediate,0,7.1
P2917,49,17,Intermediate,0,8.1
P2918,24,1,Intermediate,0,9.8
P2919,26,5,Junior,0,15.9
P2920,25,1,Junior,1,15.9
P2921,49,5,Junior,1,9.8
P2922,46,3,Junior,0,2.6
P2923,38,9,Junior,2,5.6
P2924,23,2,Junior,0,15.0
P2925,26,2,Junior,2,9.0
P2926,47,1,Junior,1,9.1
P2927,28,2,Junior,3,7.7
P2928,32,5,Intermediate,0,7.5
P2929,22,1,Junior,2,10.1
P2930,43,10,Senior,2,13.0
P2931,37,6,Junior,0,2.9
P2932,27,6,Intermediate,1,12.5
P2933,29,7,Intermediate,2,14.1
P2934,45,5,Intermediate,2,17.8
P2935,22,1,Junior,1,7.1
P2936,42,10,Junior,0,9.8
P2937,34,9,Junior,1,11.2
P2938,37,14,Senior,2,10.1
P2939,46,8,Junior,2,6.6
P2940,25,4,Intermediate,0,13.4
P2941,27,4,Intermediate,1,11.4
P2942,48,7,Junior,1,15.1
P2943,34,5,Junior,2,16.0
P2944,34,10,Intermediate,3,11.5
P2945,49,28,Senior,1,6.4
P2946,30,2,Junior,1,8.7
P2947,26,4,Junior,0,12.0
P2948,22,1,Senior,0,10.3
P2949,47,24,Junior,1,3.7
P2950,34,5,Senior,2,11.4
P2951,49,6,Intermediate,1,16.6
P2952,31,10,Senior,2,13.3
P2953,40,3,Senior,1,8.6
P2954,49,21,Junior,2,10.1
P2955,28,3,Junior,0,9.3
P2956,43,16,Senior,1,12.0
P2957,23,2,Junior,2,6.4
P2958,43,10,Intermediate,0,12.7
P2959,33,10,Junior,1,12.0
P2960,34,3,Intermediate,0,10.6
P2961,23,2,Junior,0,10.5
P2962,22,1,Senior,1,5.1
P2963,38,12,Intermediate,1,9.8
P2964,44,14,Intermediate,0,9.6
P2965,32,10,Junior,3,8.2
P2966,41,8,Senior,2,10.6
P2967,43,16,Intermediate,1,3.0
P2968,29,4,Intermediate,0,8.4
P2969,28,2,Intermediate,1,17.3
P2970,32,11,Intermediate,3,11.3
P2971,42,20,Senior,0,9.4
P2972,40,14,Junior,1,11.3
P2973,28,3,Junior,0,6.4
P2974,40,6,Senior,2,11.4
P2975,37,9,Intermediate,0,8.7
P2976,27,4,Intermediate,0,11.2
P2977,26,1,Intermediate,0,9.7
P2978,25,3,Intermediate,1,13.0
P2979,25,1,Intermediate,1,14.8
P2980,46,22,Junior,1,14.4
P2981,24,2,Junior,0,14.5
P2982,39,9,Intermediate,2,6.7
P2983,46,22,Junior,1,10.4
P2984,22,1,Intermediate,3,10.5
P2985,44,5,Intermediate,0,4.4
P2986,32,3,Intermediate,1,13.6
P2987,25,2,Senior,1,12.1
P2988,48,12,Junior,0,7.9
P2989,30,1,Senior,1,17.3
P2990,40,7,Junior,2,5.3
P2991,36,7,Junior,1,7.1
P2992,41,19,Intermediate,0,7.6
P2993,48,4,Intermediate,0,15.0
P2994,31,4,Senior,1,7.8
P2995,47,25,Intermediate,1,3.6
P2996,22,1,Junior,1,13.3
P2997,42,11,Intermediate,2,1.1
P2998,40,10,Junior,0,11.4
P2999,42,3,Senior,2,2.8
P3000,42,6,Junior,0,14.0
P3001,32,1,Junior,0,16.4
P3002,22,1,Junior,0,5.4
P3003,21,1,Intermediate,1,6.7
P3004,50,1,Intermediate,1,9.4
P3005,38,12,Intermediate,2,10.4
P3006,29,2,Junior,0,9.0
P3007,42,21,Intermediate,0,11.9
P3008,43,22,Intermediate,0,9.0
P3009,40,8,Senior,1,9.9
P3010,26,1,Junior,2,4.3
P3011,21,1,Intermediate,3,0.0
P3012,42,4,Intermediate,0,9.9
P3013,47,11,Intermediate,1,9.3
P3014,33,8,Intermediate,3,14.9
P3015,25,4,Junior,2,5.1
P3016,39,11,Intermediate,0,9.2
P3017,35,4,Intermediate,0,10.9
P3018,30,4,Junior,0,12.6
P3019,25,3,Intermediate,1,13.1
P3020,36,15,Intermediate,1,20.2
P3021,38,6,Intermediate,0,9.0
P3022,47,15,Intermediate,1,7.6
P3023,31,4,Junior,1,10.0
P3024,32,4,Junior,0,12.1
P3025,27,2,Junior,0,9.4
P3026,23,1,Junior,0,6.5
P3027,27,2,Intermediate,2,10.4
P3028,31,2,Intermediate,0,13.6
P3029,32,1,Intermediate,0,0.1
P3030,27,6,Junior,1,2.9
P3031,21,1,Junior,0,12.1
P3032,27,4,Intermediate,1,11.8
P3033,26,3,Senior,1,14.6
P3034,30,1,Intermediate,0,12.0
P3035,43,7,Intermediate,1,4.0
P3036,44,22,Senior,1,8.2
P3037,30,9,Intermediate,0,6.0
P3038,47,25,Intermediate,2,10.2
P3039,44,9,Junior,1,11.9
P3040,31,8,Junior,2,7.2
P3041,21,1,Senior,1,17.7
P3042,27,2,Junior,1,10.2
P3043,34,4,Junior,2,11.2
P3044,23,2,Junior,2,18.6
P3045,21,1,Junior,3,18.7
P3046,33,12,Junior,1,14.4
P3047,21,1,Junior,1,5.3
P3048,48,9,Intermediate,1,7.6
P3049,41,13,Junior,0,14.4
P3050,29,1,Intermediate,1,3.2
P3051,32,9,Junior,0,15.5
P3052,21,1,Junior,0,8.4
P3053,35,11,Intermediate,0,9.9
P3054,37,11,Senior,1,14.9
P3055,25,1,Junior,0,9.8
P3056,47,21,Senior,1,8.9
P3057,24,3,Junior,0,7.6
P3058,46,19,Intermediate,0,11.7
P3059,22,1,Intermediate,2,3.2
P3060,34,1,Intermediate,1,13.1
P3061,26,2,Junior,0,12.7
P3062,31,4,Intermediate,0,9.3
P3063,49,11,Intermediate,1,13.7
P3064,32,10,Junior,0,17.4
P3065,47,22,Junior,0,8.5
P3066,49,14,Junior,1,12.7
P3067,21,1,Intermediate,0,8.3
P3068,49,15,Junior,4,19.8
P3069,26,3,Junior,1,15.7
P3070,49,28,Intermediate,1,4.1
P3071,45,2,Intermediate,1,8.8
P3072,42,17,Senior,1,12.6
P3073,35,2,Junior,1,9.1
P3074,30,9,Senior,1,14.9
P3075,39,11,Intermediate,2,10.2
P3076,29,7,Junior,1,13.8
P3077,37,6,Intermediate,0,3.6
P3078,21,1,Intermediate,1,10.7
P3079,31,3,Junior,2,9.2
P3080,34,4,Junior,0,6.4
P3081,37,7,Junior,0,13.1
P3082,49,9,Intermediate,2,3.7
P3083,36,13,Junior,0,3.8
P3084,27,4,Junior,1,12.8
P3085,21,1,Intermediate,3,10.8
P3086,49,26,Senior,1,8.1
P3087,37,3,Junior,0,15.4
P3088,42,16,Intermediate,0,10.4
P3089,50,2,Intermediate,0,8.3
P3090,40,15,Intermediate,1,10.3
P3091,50,11,Intermediate,1,16.8
P3092,48,9,Senior,4,13.7
P3093,43,13,Intermediate,1,13.3
P3094,37,10,Intermediate,4,9.0
P3095,47,10,Junior,1,9.8
P3096,37,8,Intermediate,0,11.0
P3097,27,5,Intermediate,2,10.3
P3098,40,15,Junior,0,14.7
P3099,32,7,Intermediate,2,11.7
P3100,50,26,Junior,0,9.7
P3101,25,3,Intermediate,0,12.1
P3102,31,8,Junior,0,13.4
P3103,26,5,Senior,0,9.3
P3104,38,17,Senior,0,5.2
P3105,49,21,Intermediate,1,7.4
P3106,34,2,Senior,1,10.1
P3107,23,2,Intermediate,3,7.5
P3108,26,2,Junior,0,8.0
P3109,42,2,Junior,1,18.4
P3110,25,3,Senior,2,6.4
P3111,21,1,Junior,2,11.4
P3112,27,4,Intermediate,3,9.5
P3113,27,6,Senior,3,14.0
P3114,32,8,Junior,1,12.0
P3115,39,3,Intermediate,2,5.0
P3116,43,14,Junior,2,12.9
P3117,46,2,Senior,0,12.3
P3118,37,13,Junior,1,8.7
P3119,41,17,Junior,0,18.2
P3120,40,18,Junior,3,11.8
P3121,27,4,Senior,1,10.7
P3122,45,14,Intermediate,1,11.3
P3123,36,14,Senior,0,11.1
P3124,24,3,Junior,0,7.9
P3125,22,1,Junior,0,10.9
P3126,41,4,Intermediate,0,6.4
P3127,28,2,Intermediate,0,11.9
P3128,37,6,Junior,2,12.2
P3129,29,2,Junior,0,7.0
P3130,39,13,Intermediate,2,12.6
P3131,29,8,Junior,0,10.1
P3132,22,1,Intermediate,0,8.0
P3133,30,8,Intermediate,0,4.4
P3134,32,10,Intermediate,1,18.1
P3135,49,14,Junior,0,11.5
P3136,49,20,Junior,2,11.5
P3137,21,1,Intermediate,1,10.6
P3138,49,25,Junior,2,13.5
P3139,25,4,Junior,0,15.6
P3140,28,2,Intermediate,1,10.6
P3141,48,17,Junior,0,6.1
P3142,27,4,Intermediate,0,6.6
P3143,40,16,Junior,0,10.0
P3144,38,11,Intermediate,1,9.1
P3145,46,3,Junior,1,12.7
P3146,27,3,Junior,2,13.8
P3147,50,7,Junior,4,13.9
P3148,23,2,Intermediate,2,14.3
P3149,41,3,Junior,1,0.0
P3150,35,3,Intermediate,1,11.6
P3151,42,15,Intermediate,0,9.5
P3152,30,3,Senior,1,7.1
P3153,22,1,Intermediate,0,11.0
P3154,30,1,Senior,1,16.0
P3155,36,13,Intermediate,2,4.4
P3156,26,4,Junior,0,9.6
P3157,48,3,Junior,0,6.5
P3158,44,21,Junior,0,5.2
P3159,25,2,Junior,1,9.1
P3160,38,17,Intermediate,2,11.2
P3161,25,1,Senior,1,6.1
P3162,27,3,Junior,0,8.7
P3163,24,2,Intermediate,0,10.2
P3164,35,14,Intermediate,1,8.0
P3165,27,6,Intermediate,1,17.3
P3166,31,1,Intermediate,2,15.4
P3167,43,4,Intermediate,1,2.3
P3168,50,7,Intermediate,1,11.5
P3169,25,4,Intermediate,1,4.1
P3170,27,6,Intermediate,1,17.6
P3171,28,2,Intermediate,2,7.5
P3172,43,15,Intermediate,0,15.6
P3173,42,20,Senior,0,14.6
P3174,21,1,Junior,0,11.2
P3175,34,11,Junior,3,8.7
P3176,40,14,Intermediate,0,7.9
P3177,28,6,Junior,1,4.4
P3178,40,5,Senior,3,9.4
P3179,37,12,Junior,0,11.8
P3180,31,6,Junior,1,7.9
P3181,32,7,Junior,1,5.6
P3182,42,3,Junior,0,11.1
P3183,47,11,Junior,4,9.5
P3184,32,4,Junior,1,1.2
P3185,26,5,Junior,0,14.0
P3186,37,2,Junior,1,12.6
P3187,29,3,Intermediate,0,12.9
P3188,25,4,Junior,0,13.6
P3189,26,2,Intermediate,2,9.6
P3190,41,10,Junior,0,16.8
P3191,49,2,Junior,0,6.4
P3192,46,1,Intermediate,0,13.3
P3193,34,2,Intermediate,0,12.1
P3194,36,12,Intermediate,1,9.9
P3195,30,2,Junior,2,7.2
P3196,29,3,Senior,2,13.0
P3197,42,17,Junior,1,13.0
P3198,45,3,Senior,1,12.9
P3199,28,5,Junior,1,8.7
P3200,41,14,Intermediate,0,5.9
P3201,38,12,Senior,1,8.3
P3202,31,4,Intermediate,3,10.4
P3203,37,8,Intermediate,1,14.3
P3204,36,4,Intermediate,1,7.2
P3205,43,20,Intermediate,0,11.2
P3206,41,14,Junior,0,2.1
P3207,45,16,Junior,0,6.6
P3208,41,6,Junior,1,15.9
P3209,44,10,Junior,2,7.5
P3210,34,4,Junior,3,6.0
P3211,38,1,Senior,0,15.3
P3212,45,8,Junior,0,8.8
P3213,28,7,Junior,0,14.8
P3214,21,1,Intermediate,2,8.1
P3215,38,14,Junior,1,2.6
P3216,36,9,Junior,2,20.8
P3217,40,18,Junior,1,8.8
P3218,34,10,Junior,0,5.9
P3219,27,4,Intermediate,3,5.2
P3220,37,1,Senior,2,16.5
P3221,21,1,Senior,0,12.3
P3222,36,6,Senior,1,4.2
P3223,37,5,Intermediate,2,9.0
P3224,33,10,Junior,1,6.5
P3225,28,6,Senior,2,10.9
P3226,36,8,Intermediate,5,8.3
P3227,40,19,Intermediate,1,10.0
P3228,23,2,Junior,1,17.0
P3229,33,6,Intermediate,1,4.6
P3230,29,4,Junior,0,13.3
P3231,27,1,Intermediate,0,7.2
P3232,45,8,Junior,1,14.4
P3233,32,9,Junior,1,7.6
P3234,28,3,Intermediate,1,9.7
P3235,23,1,Junior,2,10.4
P3236,30,5,Senior,1,8.4
P3237,32,7,Intermediate,2,18.6
P3238,43,16,Intermediate,0,7.7
P3239,46,10,Intermediate,1,1.5
P3240,33,5,Senior,1,11.2
P3241,48,27,Junior,1,11.6
P3242,38,1,Junior,1,3.9
P3243,26,4,Junior,2,6.5
P3244,40,17,Intermediate,1,11.4
P3245,45,10,Intermediate,1,17.1
P3246,50,27,Junior,1,17.3
P3247,46,1,Intermediate,1,11.7
P3248,40,7,Intermediate,0,10.3
P3249,33,10,Junior,0,10.8
P3250,42,7,Senior,1,11.0
P3251,28,4,Intermediate,0,12.4
P3252,47,8,Junior,1,9.4
P3253,33,6,Junior,1,9.6
P3254,40,4,Junior,2,15.0
P3255,22,1,Senior,0,11.7
P3256,49,7,Intermediate,2,8.5
P3257,32,1,Junior,0,7.8
P3258,49,23,Intermediate,2,15.8
P3259,40,6,Intermediate,1,6.2
P3260,32,5,Intermediate,1,13.7
P3261,37,11,Intermediate,1,11.7
P3262,33,3,Junior,1,5.9
P3263,39,8,Junior,1,12.3
P3264,29,5,Junior,0,13.5
P3265,41,17,Intermediate,1,15.2
P3266,47,1,Junior,3,6.9
P3267,28,7,Junior,0,14.7
P3268,26,5,Senior,0,9.8
P3269,39,3,Junior,1,4.2
P3270,30,1,Intermediate,4,9.2
P3271,35,13,Intermediate,2,7.8
P3272,36,4,Junior,0,12.7
P3273,21,1,Junior,2,15.5
P3274,48,8,Junior,2,7.2
P3275,45,22,Junior,0,1.1
P3276,34,2,Senior,1,13.7
P3277,31,4,Intermediate,2,15.5
P3278,49,4,Junior,1,9.4
P3279,45,14,Junior,4,12.7
P3280,49,21,Intermediate,1,11.4
P3281,29,2,Senior,0,12.2
P3282,30,9,Junior,0,16.4
P3283,28,6,Intermediate,1,10.6
P3284,26,4,Intermediate,0,4.5
P3285,29,4,Intermediate,0,12.8
P3286,35,2,Senior,1,10.2
P3287,35,10,Intermediate,3,5.8
P3288,45,22,Senior,0,3.4
P3289,25,1,Senior,0,13.8
P3290,38,11,Junior,1,5.6
P3291,29,3,Intermediate,1,7.8
P3292,43,15,Intermediate,0,11.9
P3293,28,2,Junior,1,10.7
P3294,44,15,Intermediate,1,8.3
P3295,37,13,Junior,0,11.8
P3296,34,1,Intermediate,1,11.2
P3297,38,4,Intermediate,2,5.9
P3298,40,2,Junior,0,14.7
P3299,35,7,Junior,0,0.0
P3300,43,9,Junior,1,6.6
P3301,47,19,Intermediate,0,11.1
P3302,43,7,Intermediate,0,16.8
P3303,45,8,Intermediate,1,6.7
P3304,47,6,Junior,0,12.4
P3305,25,4,Junior,1,15.7
P3306,22,1,Intermediate,2,6.3
P3307,35,2,Intermediate,1,12.9
P3308,21,1,Junior,0,10.4
P3309,42,9,Intermediate,0,12.2
P3310,40,17,Junior,1,12.9
P3311,31,9,Intermediate,0,12.8
P3312,27,5,Intermediate,2,11.4
P3313,48,8,Intermediate,0,17.5
P3314,49,14,Intermediate,2,8.7
P3315,25,2,Senior,0,11.7
P3316,40,10,Intermediate,0,9.4
P3317,28,7,Intermediate,0,11.1
P3318,43,10,Junior,0,4.3
P3319,46,3,Junior,4,7.2
P3320,23,2,Senior,0,16.8
P3321,24,1,Senior,2,10.0
P3322,29,6,Junior,2,2.7
P3323,47,13,Junior,2,9.8
P3324,41,5,Junior,0,11.2
P3325,49,27,Junior,2,7.7
P3326,48,8,Intermediate,0,14.0
P3327,37,13,Senior,0,15.5
P3328,27,6,Senior,1,9.3
P3329,44,22,Intermediate,0,9.8
P3330,24,1,Junior,2,11.2
P3331,21,1,Junior,1,15.3
P3332,38,12,Senior,1,7.1
P3333,34,8,Junior,2,17.2
P3334,32,2,Junior,0,11.4
P3335,44,13,Senior,0,11.5
P3336,26,5,Intermediate,3,12.8
P3337,40,13,Intermediate,0,14.1
P3338,37,15,Junior,0,5.6
P3339,42,6,Intermediate,2,9.4
P3340,35,11,Junior,0,7.5
P3341,23,2,Junior,1,5.5
P3342,35,8,Intermediate,1,12.8
P3343,39,12,Senior,0,9.6
P3344,26,5,Junior,0,6.0
P3345,49,9,Junior,0,5.1
P3346,38,4,Junior,2,7.7
P3347,45,6,Junior,0,6.3
P3348,48,25,Junior,1,15.7
P3349,33,2,Junior,0,5.2
P3350,36,6,Senior,0,7.4
P3351,21,1,Junior,1,9.0
P3352,48,27,Intermediate,0,9.0
P3353,27,5,Junior,0,7.2
P3354,43,12,Junior,0,11.1
P3355,29,4,Junior,1,8.2
P3356,29,3,Junior,1,6.8
P3357,45,5,Intermediate,2,11.0
P3358,41,15,Junior,2,7.2
P3359,36,3,Junior,0,9.8
P3360,26,1,Intermediate,0,6.5
P3361,35,13,Intermediate,0,9.6
P3362,44,8,Intermediate,1,13.2
P3363,48,7,Junior,2,10.6
P3364,33,9,Intermediate,2,9.5
P3365,22,1,Junior,2,6.6
P3366,26,3,Intermediate,1,12.0
P3367,37,8,Junior,1,11.2
P3368,41,12,Intermediate,1,7.3
P3369,37,15,Junior,1,11.2
P3370,44,16,Intermediate,2,8.1
P3371,34,13,Intermediate,1,12.2
P3372,33,7,Senior,0,8.7
P3373,26,4,Junior,1,4.3
P3374,29,5,Junior,0,15.3
P3375,34,11,Junior,0,11.7
P3376,24,2,Intermediate,1,14.0
P3377,35,12,Intermediate,2,10.2
P3378,41,4,Junior,2,12.2
P3379,41,16,Intermediate,0,3.5
P3380,40,10,Intermediate,1,15.4
P3381,36,1,Intermediate,0,8.2
P3382,36,15,Intermediate,5,13.9
P3383,42,12,Intermediate,2,16.6
P3384,35,3,Intermediate,1,13.4
P3385,29,5,Senior,1,13.1
P3386,27,1,Intermediate,1,13.4
P3387,42,8,Junior,1,7.1
P3388,23,1,Junior,0,11.8
P3389,33,2,Junior,2,9.2
P3390,43,8,Intermediate,1,11.0
P3391,48,20,Intermediate,1,14.7
P3392,38,9,Junior,1,8.1
P3393,38,11,Intermediate,2,9.7
P3394,47,20,Intermediate,2,10.9
P3395,41,3,Junior,1,5.2
P3396,50,22,Intermediate,0,13.4
P3397,28,6,Intermediate,2,12.3
P3398,24,1,Junior,2,13.0
P3399,45,13,Junior,2,8.7
P3400,30,6,Junior,0,15.3
P3401,33,9,Intermediate,2,11.4
P3402,39,15,Intermediate,1,11.6
P3403,35,1,Senior,0,12.7
P3404,43,22,Junior,1,9.4
P3405,34,2,Intermediate,2,15.0
P3406,27,6,Junior,1,5.4
P3407,27,3,Senior,1,10.9
P3408,31,8,Senior,3,6.3
P3409,36,11,Intermediate,0,13.6
P3410,31,1,Senior,2,9.1
P3411,48,21,Intermediate,2,13.8
P3412,37,7,Intermediate,0,11.7
P3413,47,18,Junior,1,9.8
P3414,23,2,Junior,2,7.2
P3415,28,1,Junior,1,8.3
P3416,22,1,Junior,1,6.5
P3417,25,4,Intermediate,0,10.2
P3418,39,11,Junior,1,13.1
P3419,50,21,Intermediate,0,10.2
P3420,22,1,Intermediate,1,12.6
P3421,27,1,Senior,1,11.7
P3422,45,6,Intermediate,1,10.9
P3423,33,3,Intermediate,1,8.1
P3424,34,8,Junior,2,10.0
P3425,28,3,Junior,2,14.0
P3426,23,1,Junior,1,13.7
P3427,33,3,Senior,0,9.5
P3428,38,11,Intermediate,0,12.4
P3429,30,1,Junior,3,5.0
P3430,47,6,Junior,1,13.7
P3431,27,5,Intermediate,1,11.2
P3432,39,3,Intermediate,1,10.7
P3433,21,1,Junior,0,3.8
P3434,37,1,Junior,2,11.3
P3435,23,1,Intermediate,0,9.4
P3436,25,4,Senior,0,7.9
P3437,43,21,Junior,0,8.7
P3438,28,7,Intermediate,2,16.2
P3439,29,3,Intermediate,0,6.3
P3440,37,14,Junior,1,18.4
P3441,42,5,Junior,1,12.1
P3442,44,12,Intermediate,0,7.4
P3443,40,4,Intermediate,0,7.1
P3444,39,9,Intermediate,0,6.4
P3445,36,13,Junior,0,11.0
P3446,45,6,Junior,2,11.3
P3447,50,16,Intermediate,1,6.8
P3448,28,5,Intermediate,2,12.7
P3449,29,3,Intermediate,2,17.9
P3450,47,24,Intermediate,1,4.4
P3451,28,2,Intermediate,4,2.7
P3452,44,23,Intermediate,1,3.2
P3453,42,3,Intermediate,2,9.9
P3454,29,4,Junior,0,6.9
P3455,48,9,Junior,1,13.7
P3456,34,7,Intermediate,3,9.5
P3457,24,1,Intermediate,1,5.2
P3458,33,7,Junior,0,13.3
P3459,31,8,Junior,0,11.4
P3460,49,21,Junior,0,16.1
P3461,44,11,Intermediate,0,15.3
P3462,50,5,Intermediate,0,11.7
P3463,27,4,Intermediate,0,11.7
P3464,29,8,Junior,1,9.6
P3465,31,1,Junior,1,12.3
P3466,39,4,Junior,0,7.4
P3467,22,1,Senior,0,17.0
P3468,38,7,Intermediate,1,5.1
P3469,34,6,Senior,0,8.6
P3470,29,2,Intermediate,0,2.4
P3471,24,3,Intermediate,1,1.2
P3472,49,18,Senior,1,8.6
P3473,23,1,Intermediate,2,19.7
P3474,42,11,Intermediate,1,4.7
P3475,47,26,Intermediate,2,10.8
P3476,34,6,Junior,0,8.1
P3477,30,1,Intermediate,0,4.6
P3478,44,13,Intermediate,1,17.1
P3479,27,6,Intermediate,3,13.2
P3480,29,4,Intermediate,1,10.0
P3481,22,1,Senior,0,11.2
P3482,42,2,Senior,1,12.6
P3483,38,10,Senior,1,5.6
P3484,26,5,Junior,0,12.1
P3485,41,12,Intermediate,1,14.6
P3486,45,22,Intermediate,1,14.1
P3487,38,11,Intermediate,0,16.0
P3488,29,5,Senior,0,5.3
P3489,33,7,Junior,1,10.3
P3490,49,5,Junior,0,13.8
P3491,32,5,Junior,1,10.4
P3492,48,8,Intermediate,1,9.3
P3493,36,11,Intermediate,1,8.3
P3494,38,16,Senior,2,4.2
P3495,48,19,Junior,1,13.1
P3496,26,5,Junior,3,10.4
P3497,30,5,Senior,0,11.4
P3498,37,14,Senior,2,14.5
P3499,25,3,Junior,2,16.5
P3500,23,2,Junior,0,11.9
P3501,42,15,Senior,1,8.5
P3502,23,1,Junior,1,4.9
P3503,47,16,Junior,2,16.3
P3504,46,14,Intermediate,2,10.2
P3505,38,14,Intermediate,1,8.5
P3506,30,5,Junior,0,11.3
P3507,28,4,Senior,0,15.7
P3508,32,9,Junior,1,8.1
P3509,22,1,Junior,0,7.9
P3510,47,19,Intermediate,0,15.9
P3511,46,21,Intermediate,1,12.1
P3512,38,5,Senior,0,13.9
P3513,27,3,Intermediate,0,11.7
P3514,38,5,Senior,1,11.0
P3515,25,4,Junior,1,10.7
P3516,27,6,Junior,3,12.1
P3517,24,3,Intermediate,0,11.0
P3518,43,11,Intermediate,0,17.6
P3519,47,15,Junior,0,8.0
P3520,31,1,Junior,0,10.8
P3521,28,3,Junior,3,12.6
P3522,27,4,Intermediate,1,13.9
P3523,24,1,Intermediate,2,11.2
P3524,26,1,Intermediate,3,15.2
P3525,42,5,Senior,0,11.9
P3526,24,3,Junior,0,2.1
P3527,24,2,Junior,1,12.4
P3528,50,6,Intermediate,1,9.6
P3529,47,3,Junior,1,5.8
P3530,31,9,Senior,2,11.6
P3531,25,2,Intermediate,1,6.8
P3532,46,2,Senior,0,15.4
P3533,43,7,Senior,1,13.3
P3534,37,14,Intermediate,0,12.7
P3535,50,9,Senior,1,6.3
P3536,33,9,Intermediate,0,14.8
P3537,48,10,Intermediate,2,10.5
P3538,29,4,Intermediate,1,8.5
P3539,27,4,Junior,1,9.1
P3540,23,1,Senior,0,8.7
P3541,39,14,Junior,1,3.0
P3542,48,11,Senior,0,6.6
P3543,37,16,Intermediate,0,15.2
P3544,43,22,Junior,1,8.7
P3545,35,11,Senior,0,20.8
P3546,30,9,Intermediate,3,9.7
P3547,29,6,Intermediate,0,14.8
P3548,41,17,Junior,0,11.4
P3549,46,24,Junior,1,5.8
P3550,23,1,Junior,1,10.7
P3551,41,9,Junior,0,13.4
P3552,27,1,Senior,1,10.8
P3553,21,1,Junior,1,14.6
P3554,27,5,Intermediate,0,3.5
P3555,48,27,Intermediate,1,14.8
P3556,48,15,Intermediate,1,8.5
P3557,43,2,Junior,3,11.8
P3558,45,12,Intermediate,0,9.5
P3559,48,3,Intermediate,0,13.9
P3560,32,2,Intermediate,1,14.1
P3561,26,4,Intermediate,0,10.4
P3562,48,18,Junior,5,10.8
P3563,34,12,Intermediate,0,15.6
P3564,46,13,Junior,1,6.8
P3565,37,8,Junior,1,7.5
P3566,31,4,Junior,0,10.4
P3567,25,1,Junior,2,0.0
P3568,29,1,Junior,1,8.2
P3569,44,9,Junior,0,3.0
P3570,30,9,Junior,0,1.3
P3571,46,23,Intermediate,1,7.2
P3572,44,15,Senior,1,7.0
P3573,47,2,Junior,1,14.8
P3574,32,7,Junior,0,1.9
P3575,48,19,Junior,0,13.0
P3576,43,4,Senior,2,13.8
P3577,33,9,Intermediate,1,9.8
P3578,25,1,Intermediate,3,8.1
P3579,45,3,Intermediate,1,8.3
P3580,25,1,Junior,2,8.5
P3581,46,16,Senior,1,11.6
P3582,46,3,Senior,1,1.6
P3583,32,6,Junior,0,10.7
P3584,27,2,Intermediate,1,10.5
P3585,40,2,Intermediate,2,12.7
P3586,23,1,Intermediate,1,5.5
P3587,49,20,Intermediate,1,10.4
P3588,32,4,Junior,1,13.1
P3589,23,2,Intermediate,1,6.3
P3590,47,11,Senior,0,10.7
P3591,43,10,Junior,1,11.6
P3592,24,1,Intermediate,0,7.5
P3593,32,3,Intermediate,3,3.2
P3594,35,4,Intermediate,3,9.4
P3595,24,1,Junior,2,8.6
P3596,29,4,Senior,0,9.0
P3597,39,6,Junior,1,12.4
P3598,26,5,Intermediate,0,6.5
P3599,34,5,Junior,0,10.4
P3600,34,5,Intermediate,1,10.0
P3601,32,8,Intermediate,1,9.0
P3602,24,3,Intermediate,0,13.3
P3603,49,21,Junior,1,11.5
P3604,32,5,Intermediate,2,5.3
P3605,44,22,Intermediate,0,6.5
P3606,48,26,Intermediate,1,7.7
P3607,29,7,Senior,1,4.9
P3608,50,2,Junior,0,11.5
P3609,22,1,Junior,0,8.8
P3610,50,17,Senior,1,13.6
P3611,22,1,Junior,0,17.8
P3612,27,5,Intermediate,1,9.3
P3613,39,10,Senior,2,16.7
P3614,28,1,Junior,0,15.2
P3615,34,2,Senior,2,8.7
P3616,42,6,Intermediate,0,4.5
P3617,21,1,Junior,0,12.0
P3618,36,6,Intermediate,1,13.6
P3619,28,3,Senior,1,10.3
P3620,47,13,Intermediate,0,9.9
P3621,38,14,Intermediate,0,11.9
P3622,24,2,Junior,2,18.0
P3623,25,2,Intermediate,1,4.4
P3624,27,2,Junior,1,0.8
P3625,26,3,Senior,0,9.1
P3626,27,3,Intermediate,0,3.6
P3627,29,6,Intermediate,0,8.2
P3628,21,1,Intermediate,1,0.0
P3629,35,12,Intermediate,5,10.4
P3630,45,14,Intermediate,0,7.6
P3631,50,3,Junior,1,5.2
P3632,30,2,Junior,0,14.1
P3633,43,21,Junior,1,14.9
P3634,45,24,Senior,0,8.9
P3635,46,15,Intermediate,2,4.6
P3636,39,17,Junior,1,11.3
P3637,28,3,Intermediate,0,6.2
P3638,36,2,Intermediate,2,25.1
P3639,47,5,Junior,1,20.1
P3640,29,5,Intermediate,1,8.6
P3641,45,5,Intermediate,0,11.4
P3642,39,3,Senior,0,2.7
P3643,26,5,Intermediate,2,18.0
P3644,31,2,Junior,3,8.5
P3645,40,11,Junior,0,0.3
P3646,27,3,Junior,2,10.9
P3647,35,13,Intermediate,2,11.9
P3648,49,23,Junior,0,15.9
P3649,50,17,Junior,1,6.2
P3650,31,10,Junior,4,10.9
P3651,31,4,Intermediate,1,11.5
P3652,31,1,Junior,0,14.2
P3653,24,3,Intermediate,2,10.0
P3654,42,18,Junior,1,5.0
P3655,38,11,Senior,0,8.7
P3656,38,5,Intermediate,1,10.5
P3657,28,5,Intermediate,0,11.3
P3658,31,2,Intermediate,2,19.8
P3659,36,13,Junior,0,9.1
P3660,39,17,Junior,1,8.4
P3661,22,1,Senior,0,14.0
P3662,43,2,Junior,2,2.6
P3663,35,5,Senior,0,6.8
P3664,38,11,Intermediate,0,13.1
P3665,42,17,Junior,1,5.6
P3666,36,4,Junior,1,7.5
P3667,41,12,Junior,1,11.1
P3668,47,1,Intermediate,3,5.9
P3669,26,2,Junior,0,3.3
P3670,28,5,Senior,0,11.5
P3671,48,18,Senior,1,12.9
P3672,46,13,Junior,0,9.5
P3673,37,10,Intermediate,1,13.0
P3674,34,4,Senior,1,14.7
P3675,44,17,Intermediate,0,10.1
P3676,35,6,Senior,2,11.6
P3677,47,22,Intermediate,2,6.9
P3678,22,1,Junior,0,12.9
P3679,43,9,Senior,0,10.5
P3680,38,14,Senior,0,11.3
P3681,50,22,Junior,0,8.8
P3682,27,6,Junior,1,9.1
P3683,39,9,Intermediate,1,12.6
P3684,22,1,Junior,2,7.0
P3685,28,7,Senior,0,15.1
P3686,32,10,Senior,5,13.2
P3687,41,16,Intermediate,3,13.7
P3688,21,1,Junior,2,4.5
P3689,42,19,Junior,1,7.5
P3690,33,11,Junior,3,7.4
P3691,35,8,Junior,0,6.5
P3692,43,4,Senior,1,4.3
P3693,48,6,Junior,1,9.7
P3694,29,6,Intermediate,3,19.1
P3695,27,3,Junior,0,9.3
P3696,44,3,Intermediate,2,6.1
P3697,46,20,Junior,1,14.9
P3698,37,7,Senior,2,20.3
P3699,25,2,Intermediate,4,11.7
P3700,23,2,Junior,1,13.8
P3701,30,1,Senior,1,11.3
P3702,31,6,Intermediate,0,9.7
P3703,30,8,Senior,0,5.2
P3704,41,2,Junior,1,16.5
P3705,30,7,Intermediate,2,16.5
P3706,22,1,Junior,0,16.9
P3707,31,2,Junior,2,8.3
P3708,30,8,Junior,2,13.2
P3709,48,15,Intermediate,1,6.2
P3710,21,1,Senior,2,10.3
P3711,32,3,Intermediate,2,10.3
P3712,31,5,Junior,0,14.2
P3713,27,2,Intermediate,0,8.5
P3714,46,20,Senior,0,16.3
P3715,25,3,Intermediate,2,11.0
P3716,41,17,Intermediate,1,10.1
P3717,46,11,Senior,2,8.7
P3718,27,2,Intermediate,0,8.6
P3719,28,5,Junior,1,8.4
P3720,40,4,Senior,1,14.4
P3721,26,3,Intermediate,1,13.1
P3722,31,7,Junior,0,16.5
P3723,49,14,Junior,1,14.8
P3724,33,10,Junior,0,8.6
P3725,35,5,Junior,2,7.3
P3726,38,1,Junior,2,3.7
P3727,34,4,Intermediate,2,9.0
P3728,25,2,Intermediate,2,12.5
P3729,41,9,Intermediate,2,9.9
P3730,37,12,Intermediate,0,10.9
P3731,35,7,Junior,0,13.3
P3732,37,15,Junior,1,8.8
P3733,29,4,Intermediate,1,10.4
P3734,24,1,Junior,0,4.5
P3735,47,23,Intermediate,1,8.3
P3736,21,1,Senior,1,14.8
P3737,26,1,Junior,2,2.8
P3738,40,6,Intermediate,0,11.0
P3739,42,10,Senior,0,3.7
P3740,24,2,Intermediate,2,16.4
P3741,31,7,Senior,0,6.7
P3742,43,6,Intermediate,0,8.5
P3743,46,21,Junior,1,8.3
P3744,38,6,Intermediate,0,10.7
P3745,24,2,Intermediate,0,10.6
P3746,37,11,Junior,0,13.1
P3747,42,4,Junior,1,6.0
P3748,32,4,Intermediate,2,9.3
P3749,35,8,Intermediate,0,6.1
P3750,29,8,Intermediate,0,10.6
P3751,45,14,Intermediate,1,12.5
P3752,50,14,Senior,0,7.6
P3753,32,2,Intermediate,2,7.6
P3754,36,2,Junior,2,10.1
P3755,26,3,Intermediate,1,8.7
P3756,24,3,Junior,0,11.3
P3757,36,10,Intermediate,0,7.5
P3758,34,4,Intermediate,4,11.1
P3759,29,2,Intermediate,1,11.3
P3760,28,2,Intermediate,4,13.2
P3761,46,5,Junior,1,15.4
P3762,31,3,Junior,1,8.9
P3763,43,2,Intermediate,0,4.6
P3764,48,16,Junior,5,7.6
P3765,34,11,Intermediate,0,7.7
P3766,26,4,Intermediate,1,18.0
P3767,22,1,Intermediate,1,5.6
P3768,42,12,Junior,0,12.0
P3769,50,13,Senior,2,12.3
P3770,45,19,Intermediate,0,8.9
P3771,31,9,Intermediate,1,10.0
P3772,49,27,Intermediate,1,12.9
P3773,22,1,Junior,1,15.8
P3774,25,3,Junior,1,13.6
P3775,28,7,Intermediate,1,6.6
P3776,27,2,Senior,0,16.7
P3777,41,7,Junior,1,6.0
P3778,44,10,Junior,2,8.5
P3779,49,27,Junior,1,12.7
P3780,49,23,Intermediate,0,19.4
P3781,22,1,Intermediate,1,7.9
P3782,38,9,Junior,2,12.5
P3783,37,13,Senior,1,9.9
P3784,30,9,Junior,0,14.6
P3785,47,25,Intermediate,3,16.3
P3786,36,5,Junior,2,6.7
P3787,38,2,Senior,0,2.8
P3788,46,23,Intermediate,0,13.0
P3789,30,9,Junior,2,12.9
P3790,32,9,Intermediate,0,9.1
P3791,39,11,Intermediate,1,6.4
P3792,48,13,Senior,1,5.7
P3793,49,22,Junior,0,13.7
P3794,34,13,Junior,0,16.0
P3795,29,3,Intermediate,0,3.4
P3796,39,9,Intermediate,0,9.7
P3797,28,1,Senior,2,4.2
P3798,48,16,Junior,1,15.8
P3799,27,4,Junior,0,4.4
P3800,45,8,Junior,1,7.6
P3801,31,5,Intermediate,1,10.7
P3802,28,1,Senior,3,15.0
P3803,24,1,Intermediate,3,13.3
P3804,50,14,Senior,1,9.2
P3805,23,2,Senior,1,12.8
P3806,49,8,Intermediate,0,0.0
P3807,49,7,Intermediate,2,6.8
P3808,31,10,Intermediate,2,13.0
P3809,42,20,Intermediate,1,6.0
P3810,42,5,Intermediate,4,5.3
P3811,49,23,Junior,2,14.1
P3812,28,2,Junior,3,6.5
P3813,42,20,Junior,1,3.9
P3814,23,1,Junior,0,20.6
P3815,32,4,Senior,0,9.0
P3816,35,13,Intermediate,0,10.1
P3817,30,7,Junior,2,16.1
P3818,22,1,Junior,1,10.0
P3819,25,1,Intermediate,0,9.6
P3820,23,1,Senior,1,18.1
P3821,43,16,Junior,2,0.0
P3822,38,16,Intermediate,0,5.0
P3823,37,4,Junior,1,11.6
P3824,40,3,Junior,1,12.3
P3825,21,1,Junior,2,7.3
P3826,44,19,Junior,0,13.7
P3827,28,3,Junior,0,13.4
P3828,50,21,Junior,1,11.8
P3829,32,5,Junior,4,3.9
P3830,35,4,Intermediate,0,10.7
P3831,33,2,Senior,1,14.1
P3832,38,12,Junior,1,9.6
P3833,29,2,Junior,0,10.1
P3834,35,5,Intermediate,0,14.4
P3835,41,2,Senior,1,14.2
P3836,32,9,Junior,2,5.5
P3837,43,21,Junior,1,10.3
P3838,46,13,Intermediate,1,9.2
P3839,36,7,Senior,3,11.3
P3840,31,5,Intermediate,0,7.5
P3841,27,1,Intermediate,2,5.8
P3842,24,3,Senior,1,13.1
P3843,35,4,Junior,0,14.7
P3844,38,3,Intermediate,0,17.3
P3845,34,11,Junior,0,10.6
P3846,42,3,Intermediate,1,10.1
P3847,50,6,Senior,2,5.1
P3848,22,1,Intermediate,1,13.3
P3849,32,7,Senior,0,10.0
P3850,26,2,Senior,1,12.7
P3851,42,12,Junior,1,5.7
P3852,28,3,Intermediate,1,9.0
P3853,29,5,Junior,0,14.8
P3854,50,2,Junior,2,6.4
P3855,48,4,Junior,0,3.7
P3856,25,3,Junior,2,5.3
P3857,46,5,Junior,2,5.2
P3858,22,1,Intermediate,0,16.7
P3859,48,6,Intermediate,0,8.8
P3860,27,3,Junior,0,6.8
P3861,41,4,Junior,0,6.7
P3862,44,5,Senior,1,7.6
P3863,29,2,Junior,1,6.4
P3864,44,7,Senior,0,8.4
P3865,42,9,Junior,1,15.8
P3866,32,11,Intermediate,1,18.7
P3867,28,1,Intermediate,0,15.5
P3868,49,22,Intermediate,0,3.3
P3869,28,3,Intermediate,0,9.8
P3870,46,21,Junior,1,9.6
P3871,29,6,Senior,1,9.1
P3872,23,1,Senior,2,12.2
P3873,33,2,Junior,0,13.5
P3874,47,23,Intermediate,0,9.7
P3875,48,2,Intermediate,1,16.9
P3876,30,5,Intermediate,1,3.3
P3877,47,5,Senior,0,7.5
P3878,29,4,Junior,1,10.8
P3879,48,22,Intermediate,1,15.8
P3880,39,10,Junior,1,10.3
P3881,48,11,Senior,0,17.9
P3882,24,3,Junior,2,6.8
P3883,26,2,Intermediate,0,10.9
P3884,22,1,Intermediate,1,5.6
P3885,47,15,Junior,1,9.7
P3886,31,4,Intermediate,0,8.1
P3887,37,8,Junior,1,7.9
P3888,45,23,Junior,0,4.8
P3889,24,2,Junior,2,8.3
P3890,49,28,Intermediate,0,6.1
P3891,44,8,Junior,0,11.0
P3892,47,25,Junior,0,9.0
P3893,36,11,Intermediate,0,11.6
P3894,35,8,Senior,3,9.3
P3895,29,4,Intermediate,0,5.3
P3896,21,1,Senior,1,13.0
P3897,29,3,Intermediate,1,9.7
P3898,34,8,Intermediate,2,8.4
P3899,29,7,Senior,2,12.5
P3900,32,5,Junior,2,11.8
P3901,25,1,Intermediate,1,13.2
P3902,46,2,Junior,1,12.6
P3903,34,4,Junior,1,12.6
P3904,31,6,Junior,0,10.0
P3905,30,4,Intermediate,0,10.4
P3906,36,10,Junior,0,5.7
P3907,22,1,Intermediate,1,9.9
P3908,49,26,Intermediate,1,13.0
P3909,49,11,Intermediate,0,14.3
P3910,28,6,Junior,0,14.2
P3911,48,1,Intermediate,1,13.3
P3912,39,16,Junior,3,7.4
P3913,44,12,Senior,0,5.6
P3914,33,11,Junior,1,4.9
P3915,28,6,Intermediate,1,5.3
P3916,36,8,Intermediate,0,6.1
P3917,33,11,Junior,1,8.7
P3918,34,7,Senior,2,10.5
P3919,28,6,Junior,1,8.4
P3920,41,16,Senior,2,6.8
P3921,29,7,Senior,1,12.8
P3922,26,5,Intermediate,1,5.3
P3923,26,3,Intermediate,1,13.9
P3924,34,7,Junior,2,4.4
P3925,26,5,Intermediate,1,8.8
P3926,46,7,Senior,1,8.7
P3927,22,1,Intermediate,0,11.3
P3928,40,6,Junior,0,13.0
P3929,45,9,Junior,1,11.8
P3930,42,9,Intermediate,0,9.1
P3931,50,4,Senior,0,11.7
P3932,23,1,Intermediate,0,15.7
P3933,33,2,Junior,1,6.2
P3934,37,3,Intermediate,1,9.3
P3935,46,13,Junior,3,10.5
P3936,41,1,Senior,2,11.2
P3937,23,1,Junior,2,15.8
P3938,49,17,Junior,0,10.9
P3939,49,6,Senior,0,11.1
P3940,31,6,Senior,2,14.0
P3941,31,4,Junior,0,6.9
P3942,33,5,Intermediate,1,9.8
P3943,22,1,Junior,1,13.3
P3944,28,3,Junior,0,0.8
P3945,40,14,Junior,2,13.7
P3946,22,1,Intermediate,1,15.1
P3947,29,8,Intermediate,0,6.9
P3948,48,9,Senior,1,15.0
P3949,39,14,Senior,1,4.9
P3950,37,1,Junior,2,11.2
P3951,24,2,Junior,1,14.5
P3952,35,2,Senior,2,12.7
P3953,50,26,Junior,1,10.6
P3954,37,2,Intermediate,0,9.3
P3955,24,1,Intermediate,0,7.2
P3956,23,1,Junior,0,12.4
P3957,30,5,Junior,0,10.7
P3958,41,17,Junior,1,12.1
P3959,42,10,Junior,2,10.1
P3960,41,5,Senior,1,14.3
P3961,48,15,Intermediate,1,13.5
P3962,46,7,Intermediate,1,12.3
P3963,41,18,Senior,1,6.2
P3964,30,4,Senior,0,12.9
P3965,44,3,Junior,0,14.6
P3966,25,3,Junior,1,4.0
P3967,38,3,Senior,1,13.4
P3968,44,8,Senior,0,12.9
P3969,50,25,Senior,2,12.7
P3970,26,4,Intermediate,1,7.4
P3971,42,17,Intermediate,1,10.5
P3972,26,4,Intermediate,2,14.3
P3973,25,2,Intermediate,2,11.2
P3974,41,7,Junior,1,1.7
P3975,35,12,Junior,2,5.2
P3976,42,9,Intermediate,1,10.3
P3977,45,3,Junior,2,17.3
P3978,39,14,Intermediate,1,3.5
P3979,38,4,Junior,0,12.4
P3980,37,15,Senior,0,11.0
P3981,41,5,Junior,2,14.7
P3982,37,4,Intermediate,0,15.4
P3983,36,8,Junior,2,6.1
P3984,42,11,Junior,3,8.2
P3985,29,1,Intermediate,2,13.2
P3986,24,1,Intermediate,1,8.8
P3987,44,8,Intermediate,1,7.9
P3988,27,1,Senior,1,5.8
P3989,37,9,Intermediate,0,5.1
P3990,30,4,Junior,1,8.0
P3991,42,18,Junior,0,7.8
P3992,24,1,Junior,1,10.5
P3993,23,2,Junior,0,9.0
P3994,49,15,Senior,0,3.0
P3995,25,3,Senior,0,8.7
P3996,28,5,Intermediate,1,17.0
P3997,28,4,Junior,2,13.9
P3998,21,1,Intermediate,1,3.9
P3999,32,6,Junior,0,14.3
P4000,26,1,Senior,0,1.4
P4001,26,2,Junior,0,10.3
P4002,39,5,Junior,1,7.6
P4003,37,14,Intermediate,0,11.7
P4004,30,1,Intermediate,0,9.5
P4005,27,4,Senior,2,1.1
P4006,50,1,Intermediate,1,9.7
P4007,49,13,Senior,1,9.9
P4008,25,2,Senior,3,9.8
P4009,24,3,Intermediate,1,8.6
P4010,21,1,Intermediate,0,7.7
P4011,41,18,Senior,1,4.5
P4012,48,2,Junior,3,17.8
P4013,37,15,Junior,1,16.5
P4014,40,11,Intermediate,1,14.7
P4015,36,4,Junior,3,3.7
P4016,43,1,Junior,1,9.3
P4017,26,3,Junior,0,17.9
P4018,48,18,Junior,1,14.6
P4019,26,5,Intermediate,1,12.1
P4020,33,4,Intermediate,0,11.6
P4021,24,2,Junior,0,9.1
P4022,47,20,Junior,0,13.3
P4023,41,11,Junior,2,9.1
P4024,25,4,Junior,1,12.5
P4025,44,5,Intermediate,1,12.7
P4026,37,1,Junior,3,15.1
P4027,47,12,Intermediate,0,10.9
P4028,23,1,Junior,1,9.6
P4029,30,7,Intermediate,0,7.9
P4030,32,2,Senior,0,11.5
P4031,49,9,Intermediate,1,12.5
P4032,44,18,Junior,0,9.7
P4033,24,1,Senior,1,1.7
P4034,37,11,Intermediate,0,5.5
P4035,29,4,Intermediate,3,9.3
P4036,43,3,Senior,0,10.4
P4037,37,15,Junior,3,9.9
P4038,50,28,Junior,0,3.8
P4039,38,17,Junior,1,10.3
P4040,42,8,Intermediate,2,13.0
P4041,28,6,Intermediate,0,11.0
P4042,44,5,Senior,0,12.3
P4043,24,3,Junior,1,11.1
P4044,37,9,Junior,0,13.3
P4045,47,23,Junior,0,5.3
P4046,31,3,Junior,3,17.5
P4047,21,1,Junior,2,17.0
P4048,30,3,Junior,0,7.7
P4049,23,2,Intermediate,3,15.8
P4050,22,1,Senior,1,9.5
P4051,48,20,Intermediate,1,9.7
P4052,35,9,Intermediate,0,8.1
P4053,36,10,Intermediate,2,11.7
P4054,35,7,Junior,0,16.0
P4055,23,2,Junior,0,9.6
P4056,36,5,Intermediate,3,15.0
P4057,35,1,Junior,0,11.5
P4058,22,1,Junior,2,10.2
P4059,31,2,Intermediate,0,6.8
P4060,48,27,Junior,1,13.5
P4061,30,4,Intermediate,0,9.7
P4062,35,7,Junior,0,13.8
P4063,38,7,Senior,1,13.1
P4064,27,2,Junior,1,8.3
P4065,23,1,Junior,1,11.0
P4066,30,1,Junior,0,13.4
P4067,47,1,Junior,2,15.5
P4068,21,1,Senior,0,8.4
P4069,24,3,Senior,3,1.7
P4070,35,11,Junior,1,14.2
P4071,44,17,Intermediate,3,13.3
P4072,38,17,Intermediate,0,9.6
P4073,37,6,Intermediate,1,5.2
P4074,49,20,Junior,1,10.8
P4075,46,22,Senior,0,4.6
P4076,23,2,Junior,0,5.9
P4077,30,3,Intermediate,1,14.9
P4078,45,2,Intermediate,1,2.9
P4079,44,13,Intermediate,1,12.1
P4080,27,2,Intermediate,1,16.6
P4081,48,21,Intermediate,0,5.5
P4082,41,3,Junior,1,8.8
P4083,21,1,Intermediate,1,14.3
P4084,46,15,Junior,3,7.4
P4085,36,13,Senior,1,7.7
P4086,35,10,Junior,1,7.4
P4087,36,12,Intermediate,0,7.9
P4088,39,7,Senior,1,10.8
P4089,36,4,Intermediate,0,6.9
P4090,21,1,Junior,3,0.0
P4091,37,16,Junior,1,12.0
P4092,26,4,Intermediate,0,11.5
P4093,35,8,Junior,0,13.3
P4094,37,9,Intermediate,0,11.1
P4095,38,10,Junior,3,15.0
P4096,31,1,Senior,0,11.3
P4097,25,4,Intermediate,0,6.6
P4098,50,5,Intermediate,1,9.0
P4099,31,10,Intermediate,0,12.1
P4100,44,18,Senior,1,11.4
P4101,33,12,Senior,1,15.4
P4102,23,2,Senior,2,1.7
P4103,34,4,Intermediate,1,5.7
P4104,46,16,Junior,2,10.0
P4105,25,4,Junior,2,3.8
P4106,27,3,Junior,2,5.2
P4107,25,4,Junior,2,8.0
P4108,33,7,Junior,2,16.7
P4109,46,1,Junior,0,15.6
P4110,31,6,Intermediate,0,7.2
P4111,33,10,Intermediate,3,4.5
P4112,42,2,Intermediate,0,3.6
P4113,42,11,Junior,0,8.5
P4114,33,10,Senior,2,11.0
P4115,34,6,Junior,1,15.6
P4116,47,17,Intermediate,1,11.7
P4117,31,7,Intermediate,0,9.3
P4118,41,18,Senior,2,11.4
P4119,50,19,Senior,2,7.6
P4120,30,2,Junior,1,7.8
P4121,37,15,Junior,2,9.9
P4122,31,6,Junior,2,9.9
P4123,34,5,Intermediate,1,15.8
P4124,41,18,Senior,2,10.5
P4125,49,19,Intermediate,1,7.1
P4126,50,29,Junior,2,11.0
P4127,23,2,Intermediate,1,9.4
P4128,28,1,Junior,2,9.7
P4129,21,1,Intermediate,0,11.7
P4130,44,6,Junior,3,11.0
P4131,43,10,Senior,0,16.1
P4132,31,8,Junior,0,6.5
P4133,28,4,Junior,0,5.0
P4134,46,15,Intermediate,0,14.2
P4135,47,21,Intermediate,3,11.3
P4136,49,5,Intermediate,0,15.2
P4137,44,8,Intermediate,3,11.1
P4138,26,5,Senior,1,12.6
P4139,27,5,Senior,2,6.3
P4140,47,13,Intermediate,0,9.2
P4141,45,9,Junior,2,8.5
P4142,37,3,Intermediate,0,6.8
P4143,28,6,Intermediate,0,4.8
P4144,39,9,Intermediate,1,11.5
P4145,33,1,Junior,0,18.1
P4146,47,26,Junior,2,15.4
P4147,35,8,Senior,2,17.2
P4148,42,9,Junior,2,9.4
P4149,48,12,Junior,0,16.4
P4150,26,1,Intermediate,1,8.2
P4151,49,20,Junior,2,19.6
P4152,24,3,Intermediate,2,8.9
P4153,25,1,Junior,5,7.0
P4154,49,7,Junior,1,14.5
P4155,31,6,Junior,2,8.9
P4156,44,1,Senior,2,4.9
P4157,32,10,Senior,0,11.6
P4158,24,1,Intermediate,2,15.6
P4159,22,1,Intermediate,2,13.9
P4160,35,14,Junior,2,8.9
P4161,45,8,Junior,1,5.0
P4162,32,9,Junior,0,11.4
P4163,30,3,Intermediate,2,13.1
P4164,31,5,Junior,1,5.8
P4165,50,13,Intermediate,1,16.8
P4166,28,4,Intermediate,0,0.0
P4167,22,1,Junior,0,7.6
P4168,40,3,Intermediate,2,7.4
P4169,38,2,Senior,0,10.8
P4170,23,1,Junior,1,9.7
P4171,39,12,Junior,1,2.3
P4172,23,1,Senior,1,14.9
P4173,38,8,Junior,0,16.4
P4174,21,1,Intermediate,0,9.3
P4175,36,5,Senior,0,9.3
P4176,29,6,Junior,4,12.7
P4177,50,18,Junior,0,6.8
P4178,43,11,Senior,1,7.1
P4179,35,1,Junior,0,9.1
P4180,43,22,Senior,0,6.8
P4181,43,10,Junior,1,8.0
P4182,34,3,Intermediate,2,10.4
P4183,49,26,Intermediate,0,7.3
P4184,22,1,Junior,0,11.2
P4185,26,5,Junior,0,11.9
P4186,23,1,Senior,4,8.8
P4187,25,3,Junior,4,10.2
P4188,31,6,Junior,1,12.7
P4189,40,14,Senior,0,0.0
P4190,48,27,Intermediate,0,9.9
P4191,30,4,Junior,0,5.9
P4192,28,4,Senior,3,6.4
P4193,48,12,Junior,2,10.3
P4194,33,9,Senior,1,15.6
P4195,49,3,Junior,1,0.1
P4196,25,4,Intermediate,0,2.4
P4197,37,11,Senior,0,13.3
P4198,45,1,Senior,2,16.6
P4199,47,25,Intermediate,1,7.2
P4200,29,7,Junior,0,11.1
P4201,30,3,Junior,5,8.6
P4202,29,7,Intermediate,1,11.6
P4203,36,2,Intermediate,0,10.2
P4204,43,11,Intermediate,0,6.0
P4205,31,9,Junior,3,13.1
P4206,50,13,Intermediate,1,17.4
P4207,22,1,Intermediate,0,14.3
P4208,34,9,Senior,0,13.8
P4209,40,19,Senior,2,6.0
P4210,41,8,Intermediate,0,9.9
P4211,28,7,Intermediate,2,10.5
P4212,25,3,Senior,1,5.9
P4213,27,4,Intermediate,1,17.0
P4214,41,2,Junior,0,8.9
P4215,30,5,Junior,0,7.0
P4216,24,2,Intermediate,0,6.7
P4217,23,2,Junior,0,13.9
P4218,49,21,Intermediate,0,22.2
P4219,30,6,Senior,1,3.0
P4220,22,1,Intermediate,0,13.0
P4221,40,10,Junior,1,4.5
P4222,29,8,Intermediate,0,15.6
P4223,41,11,Intermediate,1,4.7
P4224,32,11,Junior,1,15.2
P4225,31,3,Intermediate,1,13.0
P4226,32,2,Intermediate,0,7.7
P4227,37,6,Junior,1,14.5
P4228,30,8,Intermediate,3,8.7
P4229,35,3,Intermediate,0,9.4
P4230,33,9,Junior,1,7.5
P4231,30,4,Junior,3,4.6
P4232,32,3,Intermediate,0,10.4
P4233,33,12,Senior,3,13.7
P4234,47,13,Junior,1,7.3
P4235,36,11,Intermediate,1,6.4
P4236,46,9,Intermediate,1,7.1
P4237,24,2,Junior,0,8.9
P4238,29,4,Intermediate,2,5.6
P4239,43,8,Senior,0,13.3
P4240,43,12,Junior,1,12.0
P4241,39,1,Senior,0,7.7
P4242,46,15,Intermediate,3,6.4
P4243,50,20,Junior,1,10.1
P4244,35,13,Junior,1,8.1
P4245,39,10,Junior,0,11.9
P4246,26,1,Intermediate,2,6.7
P4247,25,1,Intermediate,1,6.7
P4248,42,2,Junior,2,10.6
P4249,36,12,Intermediate,1,9.7
P4250,38,5,Junior,0,8.1
P4251,47,24,Senior,1,16.9
P4252,29,5,Junior,2,9.1
P4253,28,4,Intermediate,1,2.9
P4254,38,14,Junior,0,11.5
P4255,36,3,Junior,0,13.3
P4256,32,3,Junior,0,11.1
P4257,25,4,Senior,1,8.6
P4258,31,2,Junior,1,14.4
P4259,40,11,Intermediate,1,6.2
P4260,46,23,Junior,0,3.5
P4261,49,16,Junior,0,9.6
P4262,30,6,Junior,1,16.3
P4263,22,1,Intermediate,3,15.2
P4264,38,8,Intermediate,2,12.4
P4265,47,26,Junior,1,3.9
P4266,31,5,Junior,0,17.1
P4267,35,1,Intermediate,1,7.0
P4268,31,8,Senior,0,8.8
P4269,37,16,Junior,1,8.2
P4270,39,15,Junior,2,9.5
P4271,43,18,Intermediate,0,7.5
P4272,44,14,Junior,0,11.6
P4273,42,4,Junior,1,11.1
P4274,25,4,Intermediate,1,4.7
P4275,21,1,Intermediate,0,0.7
P4276,35,12,Junior,1,9.9
P4277,45,8,Junior,2,13.4
P4278,29,6,Junior,3,8.7
P4279,45,7,Intermediate,1,6.8
P4280,22,1,Senior,0,8.1
P4281,48,10,Junior,1,7.1
P4282,49,15,Senior,1,7.5
P4283,36,6,Intermediate,0,12.2
P4284,27,1,Junior,0,16.0
P4285,44,16,Junior,2,12.6
P4286,23,2,Senior,0,9.8
P4287,37,5,Intermediate,2,8.0
P4288,31,2,Junior,2,8.9
P4289,39,12,Junior,1,10.4
P4290,27,1,Intermediate,1,9.2
P4291,21,1,Intermediate,1,4.8
P4292,25,2,Intermediate,0,17.0
P4293,26,1,Intermediate,2,16.4
P4294,37,5,Intermediate,3,6.5
P4295,42,21,Intermediate,1,13.6
P4296,47,23,Junior,1,13.0
P4297,26,4,Junior,1,7.9
P4298,26,5,Junior,3,8.9
P4299,21,1,Junior,2,7.1
P4300,22,1,Intermediate,0,4.0
P4301,21,1,Junior,1,14.0
P4302,30,6,Intermediate,0,10.1
P4303,40,15,Intermediate,2,7.5
P4304,32,3,Senior,2,16.6
P4305,27,6,Junior,2,0.0
P4306,21,1,Intermediate,0,3.3
P4307,48,19,Intermediate,0,6.2
P4308,21,1,Intermediate,0,11.6
P4309,38,3,Junior,3,4.6
P4310,27,3,Intermediate,0,9.4
P4311,46,5,Intermediate,4,13.8
P4312,28,1,Intermediate,1,3.3
P4313,40,10,Intermediate,1,12.5
P4314,44,16,Junior,1,15.2
P4315,47,26,Intermediate,0,13.7
P4316,28,5,Intermediate,1,12.3
P4317,23,2,Junior,0,10.5
P4318,37,5,Senior,0,9.0
P4319,47,18,Intermediate,2,8.4
P4320,42,1,Junior,1,13.1
P4321,32,3,Senior,0,8.2
P4322,24,3,Intermediate,1,3.2
P4323,37,11,Junior,1,19.5
P4324,48,20,Intermediate,2,17.7
P4325,34,2,Intermediate,0,12.4
P4326,39,5,Junior,0,9.0
P4327,38,11,Senior,3,9.8
P4328,29,8,Junior,0,6.3
P4329,37,15,Junior,1,6.9
P4330,35,7,Junior,3,7.0
P4331,36,4,Senior,1,14.7
P4332,46,12,Junior,0,9.3
P4333,36,10,Intermediate,0,3.2
P4334,50,4,Senior,1,4.8
P4335,31,6,Intermediate,2,5.8
P4336,44,11,Senior,3,6.4
P4337,26,1,Intermediate,1,18.1
P4338,33,6,Senior,1,5.7
P4339,25,4,Intermediate,0,10.0
P4340,26,4,Junior,0,7.0
P4341,26,2,Junior,1,12.6
P4342,45,20,Junior,1,8.4
P4343,45,23,Junior,0,8.9
P4344,28,6,Junior,0,2.0
P4345,23,1,Senior,0,9.4
P4346,34,7,Junior,0,14.1
P4347,23,2,Intermediate,1,10.5
P4348,21,1,Senior,1,8.0
P4349,30,3,Intermediate,4,15.5
P4350,25,2,Intermediate,1,11.7
P4351,43,2,Senior,0,19.3
P4352,39,17,Intermediate,0,5.7
P4353,41,17,Intermediate,0,9.4
P4354,45,17,Intermediate,0,13.8
P4355,31,6,Junior,1,12.8
P4356,22,1,Junior,2,14.0
P4357,24,3,Intermediate,2,13.3
P4358,29,3,Intermediate,1,13.1
P4359,49,15,Intermediate,0,14.3
P4360,39,10,Intermediate,1,11.6
P4361,40,3,Intermediate,0,13.9
P4362,49,25,Junior,0,15.0
P4363,23,1,Intermediate,5,8.6
P4364,26,5,Intermediate,0,8.3
P4365,39,5,Junior,1,9.2
P4366,23,1,Senior,1,7.5
P4367,29,2,Junior,0,10.6
P4368,47,18,Intermediate,2,11.5
P4369,49,28,Junior,3,5.6
P4370,41,8,Intermediate,1,7.3
P4371,22,1,Junior,0,6.9
P4372,46,6,Junior,0,6.5
P4373,43,2,Senior,1,5.6
P4374,34,13,Junior,2,7.7
P4375,48,26,Intermediate,0,15.1
P4376,37,2,Intermediate,3,10.8
P4377,33,6,Intermediate,0,6.0
P4378,49,18,Intermediate,6,7.4
P4379,48,2,Intermediate,0,8.4
P4380,46,3,Junior,1,11.4
P4381,30,9,Intermediate,1,7.7
P4382,28,7,Intermediate,0,15.4
P4383,33,6,Intermediate,3,9.7
P4384,31,6,Intermediate,0,7.0
P4385,39,3,Junior,1,6.8
P4386,32,5,Intermediate,0,12.5
P4387,50,25,Junior,0,10.4
P4388,49,15,Senior,0,4.6
P4389,31,7,Intermediate,1,15.5
P4390,27,1,Intermediate,1,11.3
P4391,50,29,Intermediate,0,3.9
P4392,32,8,Junior,1,6.6
P4393,46,23,Junior,0,4.7
P4394,25,2,Junior,1,6.9
P4395,36,10,Intermediate,1,12.3
P4396,49,22,Senior,2,8.7
P4397,41,8,Junior,0,17.8
P4398,47,17,Intermediate,2,20.7
P4399,46,24,Junior,0,18.6
P4400,21,1,Intermediate,1,17.2
P4401,33,9,Intermediate,1,14.3
P4402,21,1,Junior,1,14.0
P4403,27,5,Junior,1,12.7
P4404,32,7,Junior,0,2.9
P4405,37,16,Senior,0,11.3
P4406,43,9,Junior,0,16.3
P4407,47,10,Senior,1,1.6
P4408,30,7,Intermediate,2,3.7
P4409,46,5,Intermediate,1,9.0
P4410,40,16,Junior,2,15.2
P4411,37,10,Senior,1,2.1
P4412,46,4,Senior,2,7.2
P4413,36,14,Junior,0,16.1
P4414,35,12,Junior,1,16.2
P4415,34,3,Junior,3,12.9
P4416,32,2,Senior,3,14.9
P4417,41,1,Junior,2,5.7
P4418,38,12,Junior,0,7.2
P4419,50,6,Junior,0,13.9
P4420,39,8,Junior,2,14.3
P4421,41,4,Junior,0,6.0
P4422,46,2,Senior,0,13.1
P4423,23,1,Junior,0,13.6
P4424,24,2,Intermediate,1,16.3
P4425,39,3,Junior,0,10.2
P4426,21,1,Junior,0,12.6
P4427,28,1,Junior,2,9.7
P4428,42,11,Intermediate,0,3.0
P4429,25,2,Intermediate,1,14.0
P4430,30,7,Junior,0,17.3
P4431,50,22,Junior,3,1.0
P4432,27,6,Junior,3,4.3
P4433,47,1,Senior,2,18.3
P4434,49,3,Junior,1,15.1
P4435,46,6,Junior,0,4.1
P4436,30,9,Junior,1,9.0
P4437,35,9,Junior,1,8.1
P4438,39,6,Intermediate,1,12.1
P4439,28,3,Junior,2,9.3
P4440,34,7,Junior,1,11.2
P4441,31,10,Senior,2,9.8
P4442,22,1,Junior,0,13.1
P4443,41,19,Junior,0,4.1
P4444,26,5,Intermediate,1,12.0
P4445,47,18,Junior,1,6.6
P4446,47,1,Intermediate,2,10.4
P4447,45,18,Senior,0,5.8
P4448,36,3,Intermediate,1,0.7
P4449,27,1,Intermediate,1,11.3
P4450,26,1,Junior,2,11.1
P4451,47,1,Intermediate,1,10.6
P4452,31,2,Senior,5,9.4
P4453,44,3,Intermediate,0,7.0
P4454,27,2,Junior,4,8.9
P4455,35,7,Intermediate,0,14.9
P4456,42,4,Junior,0,14.5
P4457,29,7,Junior,0,11.8
P4458,26,2,Junior,2,9.6
P4459,49,14,Junior,0,12.3
P4460,24,2,Junior,0,0.6
P4461,44,3,Senior,1,11.9
P4462,25,1,Junior,1,14.4
P4463,22,1,Junior,2,10.8
P4464,33,8,Senior,0,15.8
P4465,40,7,Junior,0,10.5
P4466,31,1,Intermediate,2,12.6
P4467,48,8,Junior,1,6.9
P4468,34,10,Junior,2,14.1
P4469,25,2,Junior,1,7.3
P4470,26,5,Junior,0,8.9
P4471,30,2,Junior,2,9.5
P4472,50,26,Intermediate,0,18.3
P4473,22,1,Intermediate,0,11.1
P4474,32,2,Junior,0,7.3
P4475,30,1,Intermediate,2,5.4
P4476,32,4,Junior,2,13.0
P4477,28,4,Junior,1,14.8
P4478,41,8,Junior,1,12.2
P4479,35,6,Intermediate,1,4.1
P4480,47,8,Junior,2,8.4
P4481,44,13,Junior,3,3.0
P4482,26,5,Intermediate,0,14.1
P4483,42,5,Junior,2,12.2
P4484,49,4,Junior,0,13.2
P4485,42,9,Intermediate,1,7.0
P4486,42,21,Junior,2,11.8
P4487,49,19,Junior,0,5.5
P4488,28,7,Intermediate,0,9.2
P4489,31,8,Intermediate,4,13.3
P4490,42,11,Intermediate,2,6.8
P4491,37,1,Intermediate,1,13.4
P4492,43,8,Junior,0,12.8
P4493,29,2,Intermediate,0,6.1
P4494,27,3,Intermediate,3,18.5
P4495,21,1,Junior,0,8.9
P4496,41,2,Junior,0,8.8
P4497,42,8,Junior,1,8.7
P4498,33,1,Junior,1,5.5
P4499,36,15,Intermediate,2,0.7
P4500,26,2,Intermediate,0,12.4
P4501,41,18,Junior,2,9.5
P4502,26,5,Intermediate,1,13.6
P4503,22,1,Intermediate,2,10.1
P4504,32,6,Intermediate,0,18.1
P4505,44,8,Junior,0,7.1
P4506,23,1,Intermediate,1,12.8
P4507,34,7,Intermediate,2,11.0
P4508,39,12,Senior,0,14.2
P4509,28,4,Senior,1,6.7
P4510,48,8,Junior,4,13.7
P4511,44,6,Junior,3,8.4
P4512,35,1,Junior,1,3.7
P4513,41,9,Junior,1,8.3
P4514,47,7,Senior,0,15.2
P4515,24,3,Intermediate,1,7.6
P4516,49,6,Junior,2,10.0
P4517,48,15,Junior,2,9.5
P4518,28,3,Junior,2,9.0
P4519,46,13,Junior,0,7.1
P4520,35,12,Senior,0,10.0
P4521,43,5,Junior,0,14.9
P4522,43,11,Intermediate,2,10.8
P4523,36,14,Intermediate,2,8.7
P4524,47,8,Senior,2,21.1
P4525,22,1,Junior,1,9.0
P4526,32,9,Junior,3,2.6
P4527,30,3,Junior,1,9.4
P4528,39,3,Intermediate,0,13.1
P4529,49,11,Junior,2,8.9
P4530,35,1,Junior,2,7.7
P4531,31,1,Junior,0,3.1
P4532,33,1,Intermediate,0,14.7
P4533,31,9,Junior,0,8.3
P4534,49,14,Intermediate,0,8.4
P4535,29,8,Junior,0,10.9
P4536,24,2,Intermediate,2,6.1
P4537,48,12,Intermediate,0,12.1
P4538,31,10,Intermediate,2,0.0
P4539,27,2,Intermediate,0,11.4
P4540,35,6,Senior,1,9.8
P4541,28,2,Intermediate,1,10.6
P4542,32,9,Junior,2,12.7
P4543,30,6,Intermediate,3,14.6
P4544,44,3,Intermediate,2,11.2
P4545,37,5,Junior,2,7.0
P4546,41,10,Senior,1,9.7
P4547,34,10,Intermediate,0,16.6
P4548,35,10,Junior,2,8.4
P4549,44,6,Intermediate,1,5.8
P4550,32,5,Intermediate,2,11.7
P4551,33,5,Junior,0,10.6
P4552,30,3,Intermediate,1,11.0
P4553,25,1,Junior,1,11.7
P4554,36,7,Intermediate,1,2.5
P4555,43,12,Intermediate,0,10.0
P4556,22,1,Intermediate,2,9.1
P4557,50,18,Junior,3,14.0
P4558,23,1,Junior,0,7.9
P4559,41,10,Intermediate,1,11.5
P4560,47,10,Junior,2,6.1
P4561,33,11,Junior,0,8.1
P4562,48,27,Intermediate,1,10.8
P4563,44,17,Junior,0,13.1
P4564,24,3,Junior,1,18.6
P4565,22,1,Intermediate,0,3.5
P4566,25,3,Junior,2,0.7
P4567,26,2,Junior,2,8.7
P4568,29,1,Intermediate,0,12.2
P4569,34,8,Junior,0,11.1
P4570,30,4,Intermediate,0,15.9
P4571,44,9,Intermediate,0,19.1
P4572,29,4,Intermediate,2,9.1
P4573,34,12,Intermediate,1,8.7
P4574,26,3,Senior,0,9.4
P4575,35,5,Junior,1,8.5
P4576,31,7,Junior,0,6.6
P4577,46,25,Intermediate,2,6.0
P4578,28,3,Intermediate,1,11.0
P4579,26,2,Junior,0,0.0
P4580,29,8,Intermediate,1,5.6
P4581,50,27,Junior,2,5.6
P4582,48,26,Junior,1,9.5
P4583,43,4,Junior,0,8.5
P4584,44,7,Intermediate,0,10.1
P4585,45,2,Junior,2,12.0
P4586,50,26,Junior,0,12.3
P4587,22,1,Junior,0,11.9
P4588,32,11,Senior,0,10.1
P4589,25,3,Junior,1,9.6
P4590,42,4,Intermediate,3,2.3
P4591,36,4,Intermediate,1,5.6
P4592,43,3,Junior,0,12.9
P4593,30,1,Senior,1,6.1
P4594,37,6,Junior,2,0.5
P4595,37,16,Junior,1,6.7
P4596,29,4,Junior,1,12.1
P4597,37,16,Intermediate,0,3.3
P4598,31,5,Junior,1,7.9
P4599,46,17,Intermediate,2,7.1
P4600,22,1,Junior,0,6.9
P4601,30,7,Junior,2,10.7
P4602,23,1,Senior,0,13.3
P4603,22,1,Junior,1,7.4
P4604,49,28,Senior,0,3.3
P4605,50,10,Intermediate,3,4.2
P4606,34,7,Intermediate,0,11.2
P4607,29,7,Intermediate,0,6.3
P4608,24,3,Junior,0,13.4
P4609,48,20,Intermediate,1,10.5
P4610,43,8,Junior,1,2.1
P4611,48,21,Junior,1,10.2
P4612,28,6,Junior,1,14.7
P4613,23,2,Junior,0,5.5
P4614,28,1,Junior,2,7.6
P4615,41,3,Junior,1,9.9
P4616,44,23,Intermediate,1,17.0
P4617,28,4,Intermediate,0,11.9
P4618,35,6,Intermediate,1,10.6
P4619,46,5,Intermediate,0,7.9
P4620,27,6,Junior,0,10.6
P4621,40,15,Junior,0,10.3
P4622,48,6,Senior,1,14.3
P4623,24,3,Senior,2,9.5
P4624,38,5,Senior,1,5.4
P4625,24,2,Senior,0,7.7
P4626,22,1,Junior,0,7.5
P4627,45,10,Intermediate,1,17.6
P4628,45,20,Intermediate,0,7.2
P4629,29,8,Intermediate,0,11.1
P4630,39,13,Junior,4,11.8
P4631,30,4,Intermediate,1,0.4
P4632,32,8,Intermediate,1,8.5
P4633,37,11,Senior,1,12.3
P4634,24,1,Intermediate,2,5.9
P4635,25,3,Junior,1,1.7
P4636,40,19,Intermediate,1,8.8
P4637,36,7,Intermediate,0,11.2
P4638,29,7,Junior,0,6.9
P4639,26,3,Intermediate,1,6.1
P4640,38,6,Intermediate,0,3.5
P4641,27,5,Intermediate,3,13.9
P4642,28,5,Intermediate,2,6.4
P4643,33,6,Intermediate,1,6.9
P4644,26,2,Intermediate,1,9.2
P4645,27,1,Senior,2,12.7
P4646,24,1,Junior,2,19.7
P4647,45,15,Junior,0,4.0
P4648,22,1,Junior,0,13.9
P4649,38,16,Senior,0,6.5
P4650,42,21,Intermediate,2,13.5
P4651,44,9,Intermediate,1,8.1
P4652,32,1,Intermediate,2,9.6
P4653,28,4,Intermediate,1,14.6
P4654,44,17,Junior,0,10.8
P4655,39,5,Intermediate,0,5.8
P4656,31,3,Intermediate,1,13.3
P4657,49,22,Intermediate,0,8.7
P4658,32,7,Intermediate,1,4.1
P4659,33,10,Junior,1,18.6
P4660,24,3,Senior,2,12.2
P4661,48,11,Junior,1,16.4
P4662,41,15,Junior,1,13.7
P4663,50,5,Intermediate,1,6.6
P4664,47,13,Junior,1,10.1
P4665,42,16,Junior,0,0.7
P4666,44,11,Intermediate,2,11.8
P4667,23,1,Intermediate,1,11.4
P4668,43,15,Junior,0,11.1
P4669,25,1,Junior,0,2.0
P4670,25,3,Intermediate,2,16.2
P4671,38,10,Intermediate,0,12.3
P4672,46,22,Intermediate,4,10.4
P4673,38,10,Junior,1,6.4
P4674,22,1,Junior,1,8.0
P4675,39,1,Junior,5,9.4
P4676,30,3,Junior,0,8.1
P4677,48,9,Junior,1,7.2
P4678,24,1,Junior,0,6.7
P4679,38,1,Senior,1,9.5
P4680,24,3,Senior,0,21.4
P4681,35,6,Junior,0,13.0
P4682,29,3,Senior,2,10.4
P4683,41,1,Intermediate,0,16.1
P4684,21,1,Junior,1,11.5
P4685,22,1,Junior,1,9.0
P4686,40,2,Intermediate,0,9.4
P4687,47,24,Intermediate,1,2.9
P4688,41,12,Junior,1,2.0
P4689,40,17,Junior,2,12.0
P4690,40,17,Intermediate,0,9.7
P4691,44,4,Intermediate,0,10.2
P4692,38,6,Junior,0,10.4
P4693,37,10,Intermediate,1,3.6
P4694,21,1,Junior,0,10.6
P4695,50,7,Intermediate,0,8.7
P4696,49,3,Intermediate,1,12.2
P4697,24,2,Intermediate,0,10.4
P4698,21,1,Intermediate,2,7.9
P4699,49,26,Junior,1,9.0
P4700,48,7,Junior,0,13.9
P4701,36,9,Junior,1,14.0
P4702,29,3,Intermediate,2,16.5
P4703,35,7,Senior,1,4.6
P4704,22,1,Junior,0,15.4
P4705,22,1,Senior,3,11.4
P4706,44,1,Junior,0,16.2
P4707,36,6,Junior,3,9.5
P4708,43,13,Intermediate,0,14.0
P4709,47,12,Intermediate,1,13.6
P4710,35,2,Intermediate,2,13.0
P4711,31,5,Intermediate,0,9.0
P4712,47,14,Junior,1,2.5
P4713,35,5,Intermediate,1,8.5
P4714,27,1,Intermediate,1,8.7
P4715,43,12,Junior,1,8.4
P4716,27,5,Intermediate,2,3.4
P4717,26,4,Intermediate,1,13.2
P4718,26,1,Intermediate,0,11.5
P4719,28,6,Junior,1,12.8
P4720,42,21,Junior,1,9.9
P4721,22,1,Intermediate,0,9.5
P4722,36,15,Intermediate,0,17.9
P4723,25,3,Intermediate,2,8.1
P4724,35,10,Junior,1,6.9
P4725,46,18,Junior,3,6.6
P4726,39,3,Junior,2,7.5
P4727,23,2,Junior,0,9.9
P4728,47,21,Intermediate,2,10.2
P4729,33,12,Junior,4,10.3
P4730,33,3,Junior,0,6.0
P4731,35,10,Intermediate,1,1.7
P4732,44,20,Junior,0,7.6
P4733,42,21,Senior,0,14.7
P4734,32,1,Junior,2,3.6
P4735,50,10,Intermediate,1,11.4
P4736,50,19,Junior,0,13.0
P4737,23,1,Senior,0,14.3
P4738,23,2,Intermediate,1,8.7
P4739,36,5,Intermediate,3,9.9
P4740,24,1,Junior,2,18.3
P4741,41,16,Junior,0,12.4
P4742,50,28,Junior,3,10.0
P4743,27,6,Intermediate,0,12.2
P4744,40,9,Intermediate,1,7.8
P4745,29,4,Senior,0,13.7
P4746,43,3,Senior,0,10.9
P4747,27,2,Intermediate,1,13.2
P4748,48,20,Intermediate,1,10.1
P4749,42,14,Intermediate,0,6.7
P4750,37,3,Intermediate,2,14.2
P4751,37,12,Junior,1,5.9
P4752,38,4,Senior,5,14.7
P4753,27,5,Senior,0,14.9
P4754,29,2,Junior,1,8.6
P4755,46,19,Intermediate,1,14.5
P4756,21,1,Junior,3,8.6
P4757,29,3,Senior,2,7.3
P4758,22,1,Senior,3,14.8
P4759,32,4,Intermediate,1,6.0
P4760,21,1,Senior,0,6.8
P4761,46,8,Intermediate,0,9.1
P4762,46,1,Junior,0,13.3
P4763,25,2,Junior,1,6.4
P4764,27,5,Intermediate,1,11.4
P4765,23,1,Junior,0,10.9
P4766,42,4,Intermediate,2,13.6
P4767,28,6,Intermediate,0,8.1
P4768,21,1,Senior,0,13.7
P4769,36,12,Junior,2,12.6
P4770,39,6,Senior,2,4.5
P4771,37,6,Intermediate,0,9.8
P4772,35,9,Junior,1,13.1
P4773,30,1,Junior,0,14.7
P4774,43,15,Intermediate,1,10.2
P4775,42,13,Junior,1,7.2
P4776,39,2,Senior,1,15.6
P4777,37,15,Junior,1,10.9
P4778,35,4,Junior,1,13.8
P4779,37,11,Senior,4,6.2
P4780,28,4,Intermediate,2,12.9
P4781,30,8,Junior,0,0.8
P4782,45,16,Intermediate,2,9.4
P4783,43,2,Junior,1,11.4
P4784,42,16,Intermediate,3,9.8
P4785,43,12,Intermediate,0,6.3
P4786,47,7,Intermediate,2,4.9
P4787,23,1,Intermediate,1,12.3
P4788,26,3,Junior,2,15.1
P4789,37,2,Intermediate,0,14.2
P4790,30,5,Junior,0,7.7
P4791,21,1,Senior,0,1.3
P4792,46,20,Senior,2,12.5
P4793,37,11,Senior,1,9.3
P4794,29,8,Junior,2,12.5
P4795,28,6,Intermediate,0,21.6
P4796,38,4,Junior,1,12.3
P4797,36,13,Junior,1,11.1
P4798,34,10,Intermediate,0,6.4
P4799,44,10,Intermediate,2,13.8
P4800,31,7,Junior,2,10.6
P4801,25,3,Intermediate,1,8.5
P4802,35,5,Senior,3,7.8
P4803,21,1,Junior,1,10.0
P4804,50,7,Intermediate,1,5.8
P4805,23,1,Junior,2,9.0
P4806,25,1,Junior,2,8.4
P4807,37,7,Intermediate,0,13.9
P4808,43,7,Intermediate,1,9.7
P4809,48,15,Intermediate,0,11.2
P4810,27,5,Junior,0,9.4
P4811,39,4,Junior,0,6.8
P4812,42,19,Intermediate,0,16.6
P4813,31,6,Intermediate,2,10.0
P4814,37,11,Intermediate,0,10.0
P4815,33,10,Intermediate,3,10.2
P4816,34,5,Intermediate,1,9.8
P4817,32,7,Senior,2,13.3
P4818,23,2,Junior,2,2.3
P4819,27,4,Intermediate,0,4.5
P4820,35,10,Intermediate,1,5.2
P4821,32,8,Intermediate,0,14.5
P4822,45,7,Intermediate,5,15.4
P4823,23,2,Junior,1,8.2
P4824,39,18,Junior,1,10.4
P4825,45,15,Junior,1,5.3
P4826,32,7,Intermediate,1,12.7
P4827,48,27,Intermediate,1,21.5
P4828,45,15,Intermediate,0,17.1
P4829,40,7,Intermediate,2,9.8
P4830,22,1,Junior,1,14.7
P4831,29,2,Junior,0,8.8
P4832,45,9,Junior,0,12.9
P4833,50,9,Junior,1,6.4
P4834,27,3,Intermediate,1,3.7
P4835,43,14,Junior,0,6.8
P4836,39,12,Senior,0,11.4
P4837,33,2,Junior,2,6.7
P4838,30,5,Junior,3,14.2
P4839,43,18,Junior,1,9.0
P4840,45,1,Intermediate,1,9.5
P4841,44,17,Intermediate,2,10.1
P4842,29,8,Intermediate,2,15.1
P4843,45,7,Junior,2,16.9
P4844,28,4,Senior,0,11.2
P4845,44,4,Intermediate,1,15.4
P4846,35,7,Junior,1,2.9
P4847,32,10,Intermediate,0,7.0
P4848,31,9,Senior,0,11.7
P4849,25,3,Intermediate,1,7.3
P4850,47,18,Junior,0,6.4
P4851,50,26,Junior,0,11.4
P4852,38,15,Junior,1,17.4
P4853,47,14,Junior,0,8.8
P4854,33,11,Junior,1,7.1
P4855,45,7,Intermediate,3,14.8
P4856,36,10,Junior,0,1.7
P4857,43,21,Junior,0,4.0
P4858,28,1,Intermediate,2,8.3
P4859,39,17,Junior,1,5.0
P4860,29,5,Intermediate,2,12.3
P4861,41,18,Intermediate,0,7.9
P4862,49,9,Intermediate,0,12.7
P4863,47,23,Junior,1,10.3
P4864,37,2,Junior,1,17.4
P4865,25,4,Senior,0,6.9
P4866,34,13,Junior,0,14.7
P4867,32,4,Senior,1,12.6
P4868,23,2,Intermediate,2,10.9
P4869,28,1,Intermediate,0,9.6
P4870,38,9,Senior,2,12.0
P4871,47,22,Intermediate,2,10.8
P4872,33,7,Junior,1,17.1
P4873,25,1,Intermediate,3,15.1
P4874,24,2,Intermediate,1,16.3
P4875,34,2,Junior,0,4.3
P4876,42,11,Intermediate,0,14.5
P4877,45,6,Junior,2,5.0
P4878,30,7,Intermediate,1,5.9
P4879,22,1,Junior,0,14.6
P4880,38,7,Intermediate,2,12.5
P4881,29,2,Intermediate,1,18.7
P4882,45,8,Intermediate,3,7.8
P4883,21,1,Senior,2,10.1
P4884,24,2,Junior,2,0.0
P4885,50,28,Junior,1,9.0
P4886,46,5,Intermediate,1,16.3
P4887,22,1,Junior,3,9.6
P4888,23,1,Intermediate,0,10.6
P4889,35,12,Intermediate,2,9.7
P4890,42,8,Intermediate,1,12.9
P4891,42,5,Junior,0,15.7
P4892,35,6,Intermediate,1,13.1
P4893,29,8,Intermediate,0,11.8
P4894,40,14,Junior,1,16.0
P4895,30,6,Junior,2,11.4
P4896,21,1,Junior,0,6.1
P4897,47,8,Intermediate,2,10.0
P4898,40,8,Junior,2,16.1
P4899,38,11,Junior,1,12.2
P4900,31,8,Junior,0,11.4
P4901,35,13,Intermediate,2,16.4
P4902,24,2,Intermediate,1,8.2
P4903,26,5,Junior,3,8.9
P4904,39,17,Junior,0,10.4
P4905,46,10,Junior,2,15.6
P4906,24,3,Junior,1,9.4
P4907,21,1,Intermediate,0,12.9
P4908,34,7,Junior,0,16.0
P4909,32,9,Junior,0,3.1
P4910,34,12,Junior,3,7.0
P4911,39,8,Junior,1,0.0
P4912,42,19,Senior,1,8.8
P4913,44,8,Intermediate,0,18.0
P4914,33,8,Senior,0,8.7
P4915,43,17,Intermediate,3,16.0
P4916,47,6,Junior,1,6.2
P4917,28,1,Intermediate,2,9.4
P4918,27,2,Junior,0,6.6
P4919,50,25,Junior,3,3.6
P4920,45,23,Senior,0,18.6
P4921,39,18,Junior,0,9.5
P4922,23,2,Junior,0,12.1
P4923,40,5,Intermediate,1,5.8
P4924,23,1,Junior,1,12.1
P4925,40,16,Intermediate,0,8.9
P4926,40,18,Intermediate,1,11.0
P4927,28,4,Intermediate,0,9.7
P4928,22,1,Senior,0,2.6
P4929,27,6,Junior,1,11.7
P4930,41,17,Junior,1,10.2
P4931,22,1,Junior,1,7.8
P4932,30,6,Junior,1,17.3
P4933,27,1,Intermediate,0,7.9
P4934,38,8,Junior,1,8.4
P4935,50,6,Senior,1,7.9
P4936,23,2,Junior,2,15.4
P4937,43,11,Junior,1,8.3
P4938,45,9,Intermediate,0,9.2
P4939,34,12,Junior,2,14.7
P4940,38,14,Intermediate,0,12.9
P4941,24,3,Intermediate,0,14.9
P4942,22,1,Junior,0,11.9
P4943,33,1,Intermediate,0,16.8
P4944,41,14,Intermediate,1,14.6
P4945,49,25,Intermediate,0,15.7
P4946,40,17,Intermediate,1,14.7
P4947,33,9,Senior,1,5.2
P4948,33,1,Junior,0,7.3
P4949,32,2,Junior,1,14.1
P4950,48,3,Intermediate,2,8.8
P4951,45,21,Intermediate,1,12.4
P4952,44,15,Junior,0,12.8
P4953,32,3,Intermediate,0,5.3
P4954,22,1,Intermediate,1,8.3
P4955,22,1,Intermediate,0,11.0
P4956,42,4,Intermediate,2,8.0
P4957,44,18,Junior,1,11.5
P4958,34,12,Junior,0,5.8
P4959,37,9,Intermediate,1,12.7
P4960,34,9,Intermediate,1,7.7
P4961,29,1,Intermediate,0,3.2
P4962,22,1,Intermediate,1,6.3
P4963,39,17,Intermediate,0,16.6
P4964,48,18,Intermediate,0,13.0
P4965,49,9,Intermediate,1,10.1
P4966,22,1,Junior,2,12.9
P4967,26,4,Junior,2,7.0
P4968,50,19,Intermediate,2,5.6
P4969,44,16,Intermediate,1,14.8
P4970,23,1,Junior,0,7.0
P4971,41,5,Junior,2,7.9
P4972,48,25,Junior,3,15.7
P4973,47,24,Junior,2,16.4
P4974,27,1,Intermediate,1,5.8
P4975,47,11,Junior,0,18.0
P4976,45,23,Intermediate,0,11.7
P4977,35,6,Junior,0,8.7
P4978,33,12,Intermediate,0,9.6
P4979,44,13,Intermediate,0,5.7
P4980,40,19,Junior,1,14.1
P4981,47,5,Intermediate,1,15.4
P4982,39,17,Junior,1,11.1
P4983,47,20,Junior,1,7.9
P4984,41,6,Senior,1,9.1
P4985,42,9,Intermediate,2,10.5
P4986,34,12,Intermediate,1,11.9
P4987,29,1,Junior,2,18.8
P4988,31,3,Intermediate,1,10.4
P4989,21,1,Intermediate,2,8.7
P4990,39,1,Junior,1,14.7
P4991,26,4,Intermediate,3,14.8
P4992,45,13,Junior,3,11.2
P4993,34,4,Intermediate,0,1.9
P4994,39,17,Intermediate,3,1.8
P4995,34,4,Junior,0,2.6
P4996,45,14,Senior,1,15.6
P4997,41,15,Junior,0,10.5
P4998,46,6,Senior,0,16.2
P4999,26,5,Junior,0,9.3
P5000,37,13,Junior,1,20.1
